db_question_ids,imported_in_current_db,grade,source_lesson,source_url,source_question_number,matched_lesson_id,matched_chapter,matched_lesson,match_score,risk_flags,correct_answer,text,choices
106,true,1,"Trắc nghiệm Bài 1: Các số 0, 1, 2, 3, 4, 5",https://vietjack.com/toan-1-ket-noi/trac-nghiem-bai-1-cac-so-0-1-2-3-4-5.jsp,1,3,Chủ đề 1: Các số đến 10,"3. Các số 1, 2, 3",80,ambiguous_match,D,Em hãy chọn đáp án đúng nhất Cách đọc số đúng là:,A. Một | B. Hai | C. Ba | D. Bốn
106,true,1,"Trắc nghiệm Bài 1: Các số 0, 1, 2, 3, 4, 5",https://vietjack.com/toan-1-ket-noi/trac-nghiem-bai-1-cac-so-0-1-2-3-4-5.jsp,2,3,Chủ đề 1: Các số đến 10,"3. Các số 1, 2, 3",80,ambiguous_match,C,Em hãy chọn đáp án đúng nhất Cách đọc số đúng là:,A. Một | B. Hai | C. Ba | D. Bốn
106,true,1,"Trắc nghiệm Bài 1: Các số 0, 1, 2, 3, 4, 5",https://vietjack.com/toan-1-ket-noi/trac-nghiem-bai-1-cac-so-0-1-2-3-4-5.jsp,3,3,Chủ đề 1: Các số đến 10,"3. Các số 1, 2, 3",80,ambiguous_match,D,Em hãy chọn đáp án đúng nhất Cách đọc số đúng là:,A. Hai | B. Không | C. Ba | D. Năm
106,true,1,"Trắc nghiệm Bài 1: Các số 0, 1, 2, 3, 4, 5",https://vietjack.com/toan-1-ket-noi/trac-nghiem-bai-1-cac-so-0-1-2-3-4-5.jsp,4,3,Chủ đề 1: Các số đến 10,"3. Các số 1, 2, 3",80,ambiguous_match,A,Em hãy chọn đáp án đúng nhất Cách đọc số đúng là:,A. Một | B. Không | C. Năm | D. Bốn
107,true,1,"Trắc nghiệm Bài 1: Các số 0, 1, 2, 3, 4, 5",https://vietjack.com/toan-1-ket-noi/trac-nghiem-bai-1-cac-so-0-1-2-3-4-5.jsp,1,3,Chủ đề 1: Các số đến 10,"3. Các số 1, 2, 3",80,ambiguous_match,C,Em hãy chọn đáp án đúng nhất Đếm số con sóc. Có bao nhiêu con sóc?,A. 2 | B. 3 | C. 1 | D. 0
108,true,1,"Trắc nghiệm Bài 1: Các số 0, 1, 2, 3, 4, 5",https://vietjack.com/toan-1-ket-noi/trac-nghiem-bai-1-cac-so-0-1-2-3-4-5.jsp,2,3,Chủ đề 1: Các số đến 10,"3. Các số 1, 2, 3",80,ambiguous_match,B,Em hãy chọn đáp án đúng nhất Đếm số ô tô. Có bao nhiêu ô tô?,A. 2 | B. 4 | C. 3 | D. 0
109,true,1,"Trắc nghiệm Bài 1: Các số 0, 1, 2, 3, 4, 5",https://vietjack.com/toan-1-ket-noi/trac-nghiem-bai-1-cac-so-0-1-2-3-4-5.jsp,3,3,Chủ đề 1: Các số đến 10,"3. Các số 1, 2, 3",80,ambiguous_match,B,Em hãy chọn đáp án đúng nhất Đếm số con cá vàng. Có bao nhiêu con cá vàng?,A. 5 | B. 3 | C. 4 | D. 2
110,true,1,"Trắc nghiệm Bài 1: Các số 0, 1, 2, 3, 4, 5",https://vietjack.com/toan-1-ket-noi/trac-nghiem-bai-1-cac-so-0-1-2-3-4-5.jsp,4,3,Chủ đề 1: Các số đến 10,"3. Các số 1, 2, 3",80,ambiguous_match,C,Em hãy chọn đáp án đúng nhất Đếm số bút chì. Có bao nhiêu cái bút chì?,A. 4 | B. 2 | C. 5 | D. 3
111,true,1,"Trắc nghiệm Bài 1: Các số 0, 1, 2, 3, 4, 5",https://vietjack.com/toan-1-ket-noi/trac-nghiem-bai-1-cac-so-0-1-2-3-4-5.jsp,1,3,Chủ đề 1: Các số đến 10,"3. Các số 1, 2, 3",80,ambiguous_match,B,Em hãy chọn đáp án đúng nhất Hình bên có:,A. 3 cái bút chì màu xanh | B. 4 cái bút chì màu vàng | C. 2 cái bút chì màu xanh | D. 3 cái bút chì màu vàng
111,true,1,"Trắc nghiệm Bài 1: Các số 0, 1, 2, 3, 4, 5",https://vietjack.com/toan-1-ket-noi/trac-nghiem-bai-1-cac-so-0-1-2-3-4-5.jsp,2,3,Chủ đề 1: Các số đến 10,"3. Các số 1, 2, 3",80,ambiguous_match,C,Em hãy chọn đáp án đúng nhất Hình bên có:,A. 3 cái xe máy | B. 2 cái xe ô tô | C. 3 cái xe ô tô | D. 5 cái xe máy
111,true,1,"Trắc nghiệm Bài 1: Các số 0, 1, 2, 3, 4, 5",https://vietjack.com/toan-1-ket-noi/trac-nghiem-bai-1-cac-so-0-1-2-3-4-5.jsp,3,3,Chủ đề 1: Các số đến 10,"3. Các số 1, 2, 3",80,ambiguous_match,A,Em hãy chọn đáp án đúng nhất Hình bên có:,A. 3 quả táo | B. 5 quả cam | C. 2 quả táo | D. 1 quả cam
111,true,1,"Trắc nghiệm Bài 1: Các số 0, 1, 2, 3, 4, 5",https://vietjack.com/toan-1-ket-noi/trac-nghiem-bai-1-cac-so-0-1-2-3-4-5.jsp,4,3,Chủ đề 1: Các số đến 10,"3. Các số 1, 2, 3",80,ambiguous_match,D,Em hãy chọn đáp án đúng nhất Hình bên có:,A. 1 cục tẩy | B. 2 cái bút chì | C. 4 cục tẩy | D. 3 cái bút chì
106,true,1,"Trắc nghiệm Bài 2: Các số 6, 7, 8, 9, 10",https://vietjack.com/toan-1-ket-noi/trac-nghiem-bai-2-cac-so-6-7-8-9-10.jsp,1,3,Chủ đề 1: Các số đến 10,"3. Các số 1, 2, 3",53,low_score|ambiguous_match,D,Em hãy chọn đáp án đúng nhất Cách đọc số đúng là:,A. Mười | B. Sáu | C. Chín | D. Bảy
106,true,1,"Trắc nghiệm Bài 2: Các số 6, 7, 8, 9, 10",https://vietjack.com/toan-1-ket-noi/trac-nghiem-bai-2-cac-so-6-7-8-9-10.jsp,2,3,Chủ đề 1: Các số đến 10,"3. Các số 1, 2, 3",53,low_score|ambiguous_match,B,Em hãy chọn đáp án đúng nhất Cách đọc số đúng là:,A. Tám | B. Chín | C. Bảy | D. Mười
106,true,1,"Trắc nghiệm Bài 2: Các số 6, 7, 8, 9, 10",https://vietjack.com/toan-1-ket-noi/trac-nghiem-bai-2-cac-so-6-7-8-9-10.jsp,3,3,Chủ đề 1: Các số đến 10,"3. Các số 1, 2, 3",53,low_score|ambiguous_match,A,Em hãy chọn đáp án đúng nhất Cách đọc số đúng là:,A. Sáu | B. Mười | C. Bảy | D. Chín
106,true,1,"Trắc nghiệm Bài 2: Các số 6, 7, 8, 9, 10",https://vietjack.com/toan-1-ket-noi/trac-nghiem-bai-2-cac-so-6-7-8-9-10.jsp,4,3,Chủ đề 1: Các số đến 10,"3. Các số 1, 2, 3",53,low_score|ambiguous_match,B,Em hãy chọn đáp án đúng nhất Cách đọc số đúng là:,A. Mười | B. Tám | C. Sáu | D. Bảy
112,true,1,"Trắc nghiệm Bài 2: Các số 6, 7, 8, 9, 10",https://vietjack.com/toan-1-ket-noi/trac-nghiem-bai-2-cac-so-6-7-8-9-10.jsp,1,3,Chủ đề 1: Các số đến 10,"3. Các số 1, 2, 3",53,low_score|ambiguous_match,A,Em hãy chọn đáp án đúng nhất Đếm số con cá. Có bao nhiêu con cá?,A. 7 | B. 9 | C. 10 | D. 6
113,true,1,"Trắc nghiệm Bài 2: Các số 6, 7, 8, 9, 10",https://vietjack.com/toan-1-ket-noi/trac-nghiem-bai-2-cac-so-6-7-8-9-10.jsp,2,3,Chủ đề 1: Các số đến 10,"3. Các số 1, 2, 3",53,low_score|ambiguous_match,D,Em hãy chọn đáp án đúng nhất Đếm số quả cam. Có bao nhiêu quả cam?,A. 7 | B. 9 | C. 10 | D. 6
114,true,1,"Trắc nghiệm Bài 2: Các số 6, 7, 8, 9, 10",https://vietjack.com/toan-1-ket-noi/trac-nghiem-bai-2-cac-so-6-7-8-9-10.jsp,3,3,Chủ đề 1: Các số đến 10,"3. Các số 1, 2, 3",53,low_score|ambiguous_match,C,Em hãy chọn đáp án đúng nhất Đếm số con vịt. Có bao nhiêu con vịt?,A. 7 | B. 9 | C. 8 | D. 6
115,true,1,"Trắc nghiệm Bài 2: Các số 6, 7, 8, 9, 10",https://vietjack.com/toan-1-ket-noi/trac-nghiem-bai-2-cac-so-6-7-8-9-10.jsp,4,3,Chủ đề 1: Các số đến 10,"3. Các số 1, 2, 3",53,low_score|ambiguous_match,B,Em hãy chọn đáp án đúng nhất Đếm số cục tẩy. Có bao nhiêu cục tẩy?,A. 9 | B. 10 | C. 7 | D. 8
116,true,1,"Trắc nghiệm Bài 2: Các số 6, 7, 8, 9, 10",https://vietjack.com/toan-1-ket-noi/trac-nghiem-bai-2-cac-so-6-7-8-9-10.jsp,2,3,Chủ đề 1: Các số đến 10,"3. Các số 1, 2, 3",53,low_score|ambiguous_match,A,Em hãy chọn đáp án đúng nhất Hình bên giơ lên mấy ngón tay?,A. 8 | B. 9 | C. 7 | D. 10
117,true,1,"Trắc nghiệm Bài 2: Các số 6, 7, 8, 9, 10",https://vietjack.com/toan-1-ket-noi/trac-nghiem-bai-2-cac-so-6-7-8-9-10.jsp,3,3,Chủ đề 1: Các số đến 10,"3. Các số 1, 2, 3",53,low_score|ambiguous_match,C,Em hãy chọn đáp án đúng nhất Hình bên có bao nhiêu cái bánh?,A. 8 | B. 6 | C. 7 | D. 9
111,true,1,"Trắc nghiệm Bài 2: Các số 6, 7, 8, 9, 10",https://vietjack.com/toan-1-ket-noi/trac-nghiem-bai-2-cac-so-6-7-8-9-10.jsp,1,3,Chủ đề 1: Các số đến 10,"3. Các số 1, 2, 3",53,low_score|ambiguous_match,D,Em hãy chọn đáp án đúng nhất Hình bên có:,A. 6 cái bút chì màu xanh | B. 5 cái bút chì màu vàng | C. 7 cái bút chì màu vàng | D. 7 cái bút chì màu xanh
111,true,1,"Trắc nghiệm Bài 2: Các số 6, 7, 8, 9, 10",https://vietjack.com/toan-1-ket-noi/trac-nghiem-bai-2-cac-so-6-7-8-9-10.jsp,2,3,Chủ đề 1: Các số đến 10,"3. Các số 1, 2, 3",53,low_score|ambiguous_match,B,Em hãy chọn đáp án đúng nhất Hình bên có:,A. 6 quả lê | B. 6 quả cam | C. 5 quả táo | D. 5 quả dưa
111,true,1,"Trắc nghiệm Bài 2: Các số 6, 7, 8, 9, 10",https://vietjack.com/toan-1-ket-noi/trac-nghiem-bai-2-cac-so-6-7-8-9-10.jsp,3,3,Chủ đề 1: Các số đến 10,"3. Các số 1, 2, 3",53,low_score|ambiguous_match,A,Em hãy chọn đáp án đúng nhất Hình bên có:,A. 6 cái kẹo màu xanh | B. 10 cái kẹo màu hồng | C. 8 cái kẹo màu xanh | D. 7 cái kẹo màu hồng
111,true,1,"Trắc nghiệm Bài 2: Các số 6, 7, 8, 9, 10",https://vietjack.com/toan-1-ket-noi/trac-nghiem-bai-2-cac-so-6-7-8-9-10.jsp,4,3,Chủ đề 1: Các số đến 10,"3. Các số 1, 2, 3",53,low_score|ambiguous_match,A,Em hãy chọn đáp án đúng nhất Hình bên có:,A. 7 cái bút chì | B. 7 cái cục tẩy | C. 8 cái cục tẩy | D. 8 cái bút chì
149,true,1,Trắc nghiệm Bài 11: Phép trừ trong phạm vi 10,https://vietjack.com/toan-1-ket-noi/trac-nghiem-bai-11-phep-tru-trong-pham-vi-10.jsp,1,20,"Chủ đề 2: Phép cộng, phép trừ trong phạm vi 10",16. Phép trừ trong phạm vi 10,60,low_score,A,Em hãy chọn đáp án đúng nhất Dấu trừ trong phép cộng được viết là:,A. – | B. + | C. × | D. :
150,true,1,Trắc nghiệm Bài 11: Phép trừ trong phạm vi 10,https://vietjack.com/toan-1-ket-noi/trac-nghiem-bai-11-phep-tru-trong-pham-vi-10.jsp,2,20,"Chủ đề 2: Phép cộng, phép trừ trong phạm vi 10",16. Phép trừ trong phạm vi 10,60,low_score,D,Em hãy chọn đáp án đúng nhất Cách viết đúng của phép tính 6 trừ 2 bằng 4 là:,A. 6 + 2 = 8 | B. 6 + 1 = 7 | C. 6 – 1 = 5 | D. 6 – 2 = 4
151,true,1,Trắc nghiệm Bài 11: Phép trừ trong phạm vi 10,https://vietjack.com/toan-1-ket-noi/trac-nghiem-bai-11-phep-tru-trong-pham-vi-10.jsp,3,20,"Chủ đề 2: Phép cộng, phép trừ trong phạm vi 10",16. Phép trừ trong phạm vi 10,60,low_score,B,Em hãy chọn đáp án đúng nhất Cách viết đúng của phép tính 9 trừ 7 bằng 2 là:,A. 9 – 2 = 7 | B. 9 – 7 = 2 | C. 9 – 3 = 6 | D. 9 – 6 = 3
152,true,1,Trắc nghiệm Bài 11: Phép trừ trong phạm vi 10,https://vietjack.com/toan-1-ket-noi/trac-nghiem-bai-11-phep-tru-trong-pham-vi-10.jsp,4,20,"Chủ đề 2: Phép cộng, phép trừ trong phạm vi 10",16. Phép trừ trong phạm vi 10,60,low_score,A,Em hãy chọn đáp án đúng nhất Cách viết đúng của phép tính 5 trừ 1 bằng 4 là:,A. 5 – 1 = 4 | B. 5 – 2 = 4 | C. 5 + 1 = 6 | D. 5 + 2 = 7
153,true,1,Trắc nghiệm Bài 11: Phép trừ trong phạm vi 10,https://vietjack.com/toan-1-ket-noi/trac-nghiem-bai-11-phep-tru-trong-pham-vi-10.jsp,1,20,"Chủ đề 2: Phép cộng, phép trừ trong phạm vi 10",16. Phép trừ trong phạm vi 10,60,low_score,D,Em hãy chọn đáp án đúng nhất Hình trên biểu diễn phép trừ:,A. 7 – 2 = 5 | B. 6 – 2 = 4 | C. 6 + 2 = 8 | D. 8 – 2 = 6
153,true,1,Trắc nghiệm Bài 11: Phép trừ trong phạm vi 10,https://vietjack.com/toan-1-ket-noi/trac-nghiem-bai-11-phep-tru-trong-pham-vi-10.jsp,2,20,"Chủ đề 2: Phép cộng, phép trừ trong phạm vi 10",16. Phép trừ trong phạm vi 10,60,low_score,C,Em hãy chọn đáp án đúng nhất Hình trên biểu diễn phép trừ:,A. 8 – 4 = 4 | B. 5 + 3 = 8 | C. 8 – 3 = 5 | D. 8 – 3 = 6
153,true,1,Trắc nghiệm Bài 11: Phép trừ trong phạm vi 10,https://vietjack.com/toan-1-ket-noi/trac-nghiem-bai-11-phep-tru-trong-pham-vi-10.jsp,3,20,"Chủ đề 2: Phép cộng, phép trừ trong phạm vi 10",16. Phép trừ trong phạm vi 10,60,low_score,D,Em hãy chọn đáp án đúng nhất Hình trên biểu diễn phép trừ:,A. 7 – 2 = 4 | B. 6 – 2 = 4 | C. 7 – 1 = 6 | D. 7 – 2 = 5
153,true,1,Trắc nghiệm Bài 11: Phép trừ trong phạm vi 10,https://vietjack.com/toan-1-ket-noi/trac-nghiem-bai-11-phep-tru-trong-pham-vi-10.jsp,4,20,"Chủ đề 2: Phép cộng, phép trừ trong phạm vi 10",16. Phép trừ trong phạm vi 10,60,low_score,A,Em hãy chọn đáp án đúng nhất Hình trên biểu diễn phép trừ:,A. 6 – 2 = 4 | B. 6 – 2 = 3 | C. 6 – 1 = 5 | D. 7 – 2 = 5
154,true,1,Trắc nghiệm Bài 11: Phép trừ trong phạm vi 10,https://vietjack.com/toan-1-ket-noi/trac-nghiem-bai-11-phep-tru-trong-pham-vi-10.jsp,1,20,"Chủ đề 2: Phép cộng, phép trừ trong phạm vi 10",16. Phép trừ trong phạm vi 10,60,low_score,C,Em hãy chọn đáp án đúng nhất Kết quả của phép tính trên là:,A. 3 | B. 1 | C. 2 | D. 4
154,true,1,Trắc nghiệm Bài 11: Phép trừ trong phạm vi 10,https://vietjack.com/toan-1-ket-noi/trac-nghiem-bai-11-phep-tru-trong-pham-vi-10.jsp,2,20,"Chủ đề 2: Phép cộng, phép trừ trong phạm vi 10",16. Phép trừ trong phạm vi 10,60,low_score,A,Em hãy chọn đáp án đúng nhất Kết quả của phép tính trên là:,A. 4 | B. 2 | C. 1 | D. 5
154,true,1,Trắc nghiệm Bài 11: Phép trừ trong phạm vi 10,https://vietjack.com/toan-1-ket-noi/trac-nghiem-bai-11-phep-tru-trong-pham-vi-10.jsp,3,20,"Chủ đề 2: Phép cộng, phép trừ trong phạm vi 10",16. Phép trừ trong phạm vi 10,60,low_score,C,Em hãy chọn đáp án đúng nhất Kết quả của phép tính trên là:,A. 5 | B. 0 | C. 1 | D. 3
155,true,1,Trắc nghiệm Bài 11: Phép trừ trong phạm vi 10,https://vietjack.com/toan-1-ket-noi/trac-nghiem-bai-11-phep-tru-trong-pham-vi-10.jsp,4,20,"Chủ đề 2: Phép cộng, phép trừ trong phạm vi 10",16. Phép trừ trong phạm vi 10,60,low_score,A,Em hãy chọn đáp án đúng nhất Số thích hợp để điền vào ô trống là:,A. 3 | B. 5 | C. 1 | D. 6
156,true,1,Trắc nghiệm Bài 11: Phép trừ trong phạm vi 10,https://vietjack.com/toan-1-ket-noi/trac-nghiem-bai-11-phep-tru-trong-pham-vi-10.jsp,1,20,"Chủ đề 2: Phép cộng, phép trừ trong phạm vi 10",16. Phép trừ trong phạm vi 10,60,low_score,B,Em hãy chọn đáp án đúng nhất Kết quả của phép tính 6 – 1 là:,A. 4 | B. 5 | C. 7 | D. 3
157,true,1,Trắc nghiệm Bài 11: Phép trừ trong phạm vi 10,https://vietjack.com/toan-1-ket-noi/trac-nghiem-bai-11-phep-tru-trong-pham-vi-10.jsp,2,20,"Chủ đề 2: Phép cộng, phép trừ trong phạm vi 10",16. Phép trừ trong phạm vi 10,60,low_score,B,Em hãy chọn đáp án đúng nhất Kết quả của phép tính 7 – 3 là:,A. 10 | B. 4 | C. 3 | D. 5
158,true,1,Trắc nghiệm Bài 11: Phép trừ trong phạm vi 10,https://vietjack.com/toan-1-ket-noi/trac-nghiem-bai-11-phep-tru-trong-pham-vi-10.jsp,3,20,"Chủ đề 2: Phép cộng, phép trừ trong phạm vi 10",16. Phép trừ trong phạm vi 10,60,low_score,D,Em hãy chọn đáp án đúng nhất Kết quả của phép tính 10 – 4 là:,A. 7 | B. 5 | C. 3 | D. 6
159,true,1,Trắc nghiệm Bài 11: Phép trừ trong phạm vi 10,https://vietjack.com/toan-1-ket-noi/trac-nghiem-bai-11-phep-tru-trong-pham-vi-10.jsp,4,20,"Chủ đề 2: Phép cộng, phép trừ trong phạm vi 10",16. Phép trừ trong phạm vi 10,60,low_score,C,Em hãy chọn đáp án đúng nhất Kết quả của phép tính 4 – 2 là:,A. 1 | B. 3 | C. 2 | D. 6
153,true,1,Trắc nghiệm Bài 11: Phép trừ trong phạm vi 10,https://vietjack.com/toan-1-ket-noi/trac-nghiem-bai-11-phep-tru-trong-pham-vi-10.jsp,1,20,"Chủ đề 2: Phép cộng, phép trừ trong phạm vi 10",16. Phép trừ trong phạm vi 10,60,low_score,D,Em hãy chọn đáp án đúng nhất Hình trên biểu diễn phép trừ:,A. 8 – 5 = 3 | B. 8 – 1 = 7 | C. 8 – 2 = 6 | D. 8 – 3 = 5
153,true,1,Trắc nghiệm Bài 11: Phép trừ trong phạm vi 10,https://vietjack.com/toan-1-ket-noi/trac-nghiem-bai-11-phep-tru-trong-pham-vi-10.jsp,2,20,"Chủ đề 2: Phép cộng, phép trừ trong phạm vi 10",16. Phép trừ trong phạm vi 10,60,low_score,A,Em hãy chọn đáp án đúng nhất Hình trên biểu diễn phép trừ:,A. 6 – 5 = 1 | B. 6 – 4 = 2 | C. 5 – 2 = 3 | D. 5 – 4 = 1
155,true,1,Trắc nghiệm Bài 11: Phép trừ trong phạm vi 10,https://vietjack.com/toan-1-ket-noi/trac-nghiem-bai-11-phep-tru-trong-pham-vi-10.jsp,3,20,"Chủ đề 2: Phép cộng, phép trừ trong phạm vi 10",16. Phép trừ trong phạm vi 10,60,low_score,A,Em hãy chọn đáp án đúng nhất Số thích hợp để điền vào ô trống là:,A. 4 | B. 6 | C. 5 | D. 1
155,true,1,Trắc nghiệm Bài 11: Phép trừ trong phạm vi 10,https://vietjack.com/toan-1-ket-noi/trac-nghiem-bai-11-phep-tru-trong-pham-vi-10.jsp,4,20,"Chủ đề 2: Phép cộng, phép trừ trong phạm vi 10",16. Phép trừ trong phạm vi 10,60,low_score,C,Em hãy chọn đáp án đúng nhất Số thích hợp để điền vào ô trống là:,A. 6 | B. 5 | C. 4 | D. 2
160,true,1,Trắc nghiệm Bài 11: Phép trừ trong phạm vi 10,https://vietjack.com/toan-1-ket-noi/trac-nghiem-bai-11-phep-tru-trong-pham-vi-10.jsp,1,20,"Chủ đề 2: Phép cộng, phép trừ trong phạm vi 10",16. Phép trừ trong phạm vi 10,60,low_score,B,Em hãy chọn đáp án đúng nhất Kết quả của phép tính 3 – 0 là:,A. 0 | B. 3 | C. 1 | D. 2
161,true,1,Trắc nghiệm Bài 11: Phép trừ trong phạm vi 10,https://vietjack.com/toan-1-ket-noi/trac-nghiem-bai-11-phep-tru-trong-pham-vi-10.jsp,2,20,"Chủ đề 2: Phép cộng, phép trừ trong phạm vi 10",16. Phép trừ trong phạm vi 10,60,low_score,A,Em hãy chọn đáp án đúng nhất Kết quả của phép tính 7 – 0 là:,A. 7 | B. 3 | C. 0 | D. 5
162,true,1,Trắc nghiệm Bài 11: Phép trừ trong phạm vi 10,https://vietjack.com/toan-1-ket-noi/trac-nghiem-bai-11-phep-tru-trong-pham-vi-10.jsp,3,20,"Chủ đề 2: Phép cộng, phép trừ trong phạm vi 10",16. Phép trừ trong phạm vi 10,60,low_score,A,Em hãy chọn đáp án đúng nhất Kết quả của phép tính 5 – 5 là:,A. 0 | B. 1 | C. 5 | D. 2
163,true,1,Trắc nghiệm Bài 11: Phép trừ trong phạm vi 10,https://vietjack.com/toan-1-ket-noi/trac-nghiem-bai-11-phep-tru-trong-pham-vi-10.jsp,4,20,"Chủ đề 2: Phép cộng, phép trừ trong phạm vi 10",16. Phép trừ trong phạm vi 10,60,low_score,D,Em hãy chọn đáp án đúng nhất Kết quả của phép tính 10 – 10 là:,A. 10 | B. 2 | C. 6 | D. 0
164,true,1,Trắc nghiệm Bài 11: Phép trừ trong phạm vi 10,https://vietjack.com/toan-1-ket-noi/trac-nghiem-bai-11-phep-tru-trong-pham-vi-10.jsp,1,20,"Chủ đề 2: Phép cộng, phép trừ trong phạm vi 10",16. Phép trừ trong phạm vi 10,60,low_score,B,Em hãy chọn đáp án đúng nhất Kết quả của phép tính 7 – 2 là:,A. 4 | B. 5 | C. 7 | D. 3
165,true,1,Trắc nghiệm Bài 11: Phép trừ trong phạm vi 10,https://vietjack.com/toan-1-ket-noi/trac-nghiem-bai-11-phep-tru-trong-pham-vi-10.jsp,2,20,"Chủ đề 2: Phép cộng, phép trừ trong phạm vi 10",16. Phép trừ trong phạm vi 10,60,low_score,C,Em hãy chọn đáp án đúng nhất Kết quả của phép tính 9 – 3 là:,A. 7 | B. 5 | C. 6 | D. 4
166,true,1,Trắc nghiệm Bài 11: Phép trừ trong phạm vi 10,https://vietjack.com/toan-1-ket-noi/trac-nghiem-bai-11-phep-tru-trong-pham-vi-10.jsp,3,20,"Chủ đề 2: Phép cộng, phép trừ trong phạm vi 10",16. Phép trừ trong phạm vi 10,60,low_score,B,Em hãy chọn đáp án đúng nhất Phép tính thích hợp là:,A. 6 – 2 | B. 5 – 4 | C. 9 – 3 | D. 10 – 2
155,true,1,Trắc nghiệm Bài 11: Phép trừ trong phạm vi 10,https://vietjack.com/toan-1-ket-noi/trac-nghiem-bai-11-phep-tru-trong-pham-vi-10.jsp,4,20,"Chủ đề 2: Phép cộng, phép trừ trong phạm vi 10",16. Phép trừ trong phạm vi 10,60,low_score,A,Em hãy chọn đáp án đúng nhất Số thích hợp để điền vào ô trống là:,A. 4 | B. 5 | C. 6 | D. 3
167,true,1,"Trắc nghiệm Bài 12: Bảng cộng, bảng trừ trong phạm vi 10",https://vietjack.com/toan-1-ket-noi/trac-nghiem-bai-12-bang-cong-bang-tru-trong-pham-vi-10.jsp,1,18,"Chủ đề 2: Phép cộng, phép trừ trong phạm vi 10",12. Phép trừ trong phạm vi 6,51,low_score|ambiguous_match,B,: Em hãy chọn đáp án đúng nhất Kết quả của phép tính 4 + 2 là:,A. 5 | B. 6 | C. 7 | D. 8
168,true,1,"Trắc nghiệm Bài 12: Bảng cộng, bảng trừ trong phạm vi 10",https://vietjack.com/toan-1-ket-noi/trac-nghiem-bai-12-bang-cong-bang-tru-trong-pham-vi-10.jsp,2,18,"Chủ đề 2: Phép cộng, phép trừ trong phạm vi 10",12. Phép trừ trong phạm vi 6,51,low_score|ambiguous_match,D,: Em hãy chọn đáp án đúng nhất Kết quả của phép tính 2 + 7 là:,A. 6 | B. 7 | C. 8 | D. 9
169,true,1,"Trắc nghiệm Bài 12: Bảng cộng, bảng trừ trong phạm vi 10",https://vietjack.com/toan-1-ket-noi/trac-nghiem-bai-12-bang-cong-bang-tru-trong-pham-vi-10.jsp,3,18,"Chủ đề 2: Phép cộng, phép trừ trong phạm vi 10",12. Phép trừ trong phạm vi 6,51,low_score|ambiguous_match,A,: Em hãy chọn đáp án đúng nhất Kết quả của phép tính 0 + 4 là:,A. 4 | B. 3 | C. 2 | D. 1
170,true,1,"Trắc nghiệm Bài 12: Bảng cộng, bảng trừ trong phạm vi 10",https://vietjack.com/toan-1-ket-noi/trac-nghiem-bai-12-bang-cong-bang-tru-trong-pham-vi-10.jsp,4,18,"Chủ đề 2: Phép cộng, phép trừ trong phạm vi 10",12. Phép trừ trong phạm vi 6,51,low_score|ambiguous_match,C,: Em hãy chọn đáp án đúng nhất Số thích hợp điền vào ô trống là: 2 + 1 = 2 2 + 2 = 4 2 + 3 = 5 2 + 4 = 6 2 + 5 = 2 + 6 = 8 2 + 7 = 9,A. 2 | B. 5 | C. 7 | D. 8
171,true,1,"Trắc nghiệm Bài 12: Bảng cộng, bảng trừ trong phạm vi 10",https://vietjack.com/toan-1-ket-noi/trac-nghiem-bai-12-bang-cong-bang-tru-trong-pham-vi-10.jsp,1,18,"Chủ đề 2: Phép cộng, phép trừ trong phạm vi 10",12. Phép trừ trong phạm vi 6,51,low_score|ambiguous_match,C,: Em hãy chọn đáp án đúng nhất Kết quả của phép tính 2 + 1 là:,A. 1 | B. 2 | C. 3 | D. 4
172,true,1,"Trắc nghiệm Bài 12: Bảng cộng, bảng trừ trong phạm vi 10",https://vietjack.com/toan-1-ket-noi/trac-nghiem-bai-12-bang-cong-bang-tru-trong-pham-vi-10.jsp,2,18,"Chủ đề 2: Phép cộng, phép trừ trong phạm vi 10",12. Phép trừ trong phạm vi 6,51,low_score|ambiguous_match,B,: Em hãy chọn đáp án đúng nhất Kết quả của phép tính 5 + 3 là:,A. 7 | B. 8 | C. 5 | D. 3
173,true,1,"Trắc nghiệm Bài 12: Bảng cộng, bảng trừ trong phạm vi 10",https://vietjack.com/toan-1-ket-noi/trac-nghiem-bai-12-bang-cong-bang-tru-trong-pham-vi-10.jsp,3,18,"Chủ đề 2: Phép cộng, phép trừ trong phạm vi 10",12. Phép trừ trong phạm vi 6,51,low_score|ambiguous_match,A,: Em hãy chọn đáp án đúng nhất Phép tính có kết quả bằng 9 là:,A. 0 + 9 | B. 2 + 4 | C. 4 + 3 | D. 6 + 2
174,true,1,"Trắc nghiệm Bài 12: Bảng cộng, bảng trừ trong phạm vi 10",https://vietjack.com/toan-1-ket-noi/trac-nghiem-bai-12-bang-cong-bang-tru-trong-pham-vi-10.jsp,4,18,"Chủ đề 2: Phép cộng, phép trừ trong phạm vi 10",12. Phép trừ trong phạm vi 6,51,low_score|ambiguous_match,B,: Em hãy chọn đáp án đúng nhất Phép tính có kết quả bằng 4 là:,A. 3 + 2 | B. 2 + 2 | C. 4 + 1 | D. 6 + 1
175,true,1,"Trắc nghiệm Bài 12: Bảng cộng, bảng trừ trong phạm vi 10",https://vietjack.com/toan-1-ket-noi/trac-nghiem-bai-12-bang-cong-bang-tru-trong-pham-vi-10.jsp,1,18,"Chủ đề 2: Phép cộng, phép trừ trong phạm vi 10",12. Phép trừ trong phạm vi 6,51,low_score|ambiguous_match,C,Em hãy chọn đáp án đúng nhất Kết quả của phép tính 5 – 1 là:,A. 6 | B. 5 | C. 4 | D. 2
176,true,1,"Trắc nghiệm Bài 12: Bảng cộng, bảng trừ trong phạm vi 10",https://vietjack.com/toan-1-ket-noi/trac-nghiem-bai-12-bang-cong-bang-tru-trong-pham-vi-10.jsp,2,18,"Chủ đề 2: Phép cộng, phép trừ trong phạm vi 10",12. Phép trừ trong phạm vi 6,51,low_score|ambiguous_match,D,Em hãy chọn đáp án đúng nhất Kết quả của phép tính 10 – 7 là:,A. 2 | B. 3 | C. 6 | D. 5
177,true,1,"Trắc nghiệm Bài 12: Bảng cộng, bảng trừ trong phạm vi 10",https://vietjack.com/toan-1-ket-noi/trac-nghiem-bai-12-bang-cong-bang-tru-trong-pham-vi-10.jsp,3,18,"Chủ đề 2: Phép cộng, phép trừ trong phạm vi 10",12. Phép trừ trong phạm vi 6,51,low_score|ambiguous_match,C,Em hãy chọn đáp án đúng nhất Số thích hợp điền vào ô trống là: 2 – 1 = 1 3 – 1 = 2 4 – 1 = 3 5 – 1 = 4 6 – 1 =,A. 0 | B. 6 | C. 5 | D. 7
178,true,1,"Trắc nghiệm Bài 12: Bảng cộng, bảng trừ trong phạm vi 10",https://vietjack.com/toan-1-ket-noi/trac-nghiem-bai-12-bang-cong-bang-tru-trong-pham-vi-10.jsp,4,18,"Chủ đề 2: Phép cộng, phép trừ trong phạm vi 10",12. Phép trừ trong phạm vi 6,51,low_score|ambiguous_match,A,Em hãy chọn đáp án đúng nhất Số thích hợp điền vào ô trống là: 4 – 3 = 1 5 – 3 = 2 6 – 3 = 3 7 – 3 = 4 8 – 3 = 5 9 – 3 =,A. 6 | B. 7 | C. 2 | D. 3
179,true,1,"Trắc nghiệm Bài 12: Bảng cộng, bảng trừ trong phạm vi 10",https://vietjack.com/toan-1-ket-noi/trac-nghiem-bai-12-bang-cong-bang-tru-trong-pham-vi-10.jsp,1,18,"Chủ đề 2: Phép cộng, phép trừ trong phạm vi 10",12. Phép trừ trong phạm vi 6,51,low_score|ambiguous_match,C,Em hãy chọn đáp án đúng nhất Kết quả của phép tính 3 – 2 là:,A. 2 | B. 0 | C. 1 | D. 5
180,true,1,"Trắc nghiệm Bài 12: Bảng cộng, bảng trừ trong phạm vi 10",https://vietjack.com/toan-1-ket-noi/trac-nghiem-bai-12-bang-cong-bang-tru-trong-pham-vi-10.jsp,2,18,"Chủ đề 2: Phép cộng, phép trừ trong phạm vi 10",12. Phép trừ trong phạm vi 6,51,low_score|ambiguous_match,A,Em hãy chọn đáp án đúng nhất Kết quả của phép tính 7 – 4 là:,A. 3 | B. 1 | C. 6 | D. 2
181,true,1,"Trắc nghiệm Bài 12: Bảng cộng, bảng trừ trong phạm vi 10",https://vietjack.com/toan-1-ket-noi/trac-nghiem-bai-12-bang-cong-bang-tru-trong-pham-vi-10.jsp,3,18,"Chủ đề 2: Phép cộng, phép trừ trong phạm vi 10",12. Phép trừ trong phạm vi 6,51,low_score|ambiguous_match,D,Em hãy chọn đáp án đúng nhất Phép trừ có kết quả bằng 5 là:,A. 6 – 2 | B. 5 – 1 | C. 10 – 4 | D. 10 – 5
182,true,1,"Trắc nghiệm Bài 12: Bảng cộng, bảng trừ trong phạm vi 10",https://vietjack.com/toan-1-ket-noi/trac-nghiem-bai-12-bang-cong-bang-tru-trong-pham-vi-10.jsp,4,18,"Chủ đề 2: Phép cộng, phép trừ trong phạm vi 10",12. Phép trừ trong phạm vi 6,51,low_score|ambiguous_match,A,Em hãy chọn đáp án đúng nhất Phép trừ có kết quả bằng 7 là:,A. 9 – 2 | B. 10 – 2 | C. 5 – 2 | D. 8 – 3
183,true,1,"Trắc nghiệm Bài 14: Khối lập phương, khối hộp chữ nhật",https://vietjack.com/toan-1-ket-noi/trac-nghiem-bai-14-khoi-lap-phuong-khoi-hop-chu-nhat.jsp,5,16,"Chủ đề 2: Phép cộng, phép trừ trong phạm vi 10","10. Khối hộp chữ nhật, khối lập phương",60,low_score,B,Khoanh vào đáp án đúng: Hình trên có số khối lập phương là:,A. 5 khối | B. 6 khối | C. 7 khối | D. 8 khối
184,true,1,"Trắc nghiệm Bài 14: Khối lập phương, khối hộp chữ nhật",https://vietjack.com/toan-1-ket-noi/trac-nghiem-bai-14-khoi-lap-phuong-khoi-hop-chu-nhat.jsp,6,16,"Chủ đề 2: Phép cộng, phép trừ trong phạm vi 10","10. Khối hộp chữ nhật, khối lập phương",60,low_score,B,Khoanh vào đáp án đúng: Chú ốc sên đang cõng trên mình hình khối nào?,A. Khối lập phương | B. Khối hộp chữ nhật
185,true,1,"Trắc nghiệm Bài 14: Khối lập phương, khối hộp chữ nhật",https://vietjack.com/toan-1-ket-noi/trac-nghiem-bai-14-khoi-lap-phuong-khoi-hop-chu-nhat.jsp,7,16,"Chủ đề 2: Phép cộng, phép trừ trong phạm vi 10","10. Khối hộp chữ nhật, khối lập phương",60,low_score,B,Hình thích hợp đặt vào dấu ? là hình khối nào?,A. Khối lập phương | B. Khối hộp chữ nhật
186,true,1,"Trắc nghiệm Bài 18: Ôn tập phép cộng, phép trừ trong phạm vi 10",https://vietjack.com/toan-1-ket-noi/trac-nghiem-bai-18-on-tap-phep-cong-phep-tru-trong-pham-vi-10.jsp,1,14,"Chủ đề 2: Phép cộng, phép trừ trong phạm vi 10",6. Phép cộng trong phạm vi 10,60,low_score|ambiguous_match,A,Em chọn đáp án đúng: Phép tính nào phù hợp với hình bên?,A. 1 + 4 = 5 | B. 2 + 2 = 4 | C. 4 – 1 = 4 | D. 4 – 2 = 2
187,true,1,"Trắc nghiệm Bài 18: Ôn tập phép cộng, phép trừ trong phạm vi 10",https://vietjack.com/toan-1-ket-noi/trac-nghiem-bai-18-on-tap-phep-cong-phep-tru-trong-pham-vi-10.jsp,3,14,"Chủ đề 2: Phép cộng, phép trừ trong phạm vi 10",6. Phép cộng trong phạm vi 10,60,low_score|ambiguous_match,C,Em khoanh vào đáp án đúng Số thích hợp điền vào hình tròn là:,A. 2 | B. 3 | C. 4 | D. 5
188,true,1,"Trắc nghiệm Bài 18: Ôn tập phép cộng, phép trừ trong phạm vi 10",https://vietjack.com/toan-1-ket-noi/trac-nghiem-bai-18-on-tap-phep-cong-phep-tru-trong-pham-vi-10.jsp,4,14,"Chủ đề 2: Phép cộng, phép trừ trong phạm vi 10",6. Phép cộng trong phạm vi 10,60,low_score|ambiguous_match,C,Em khoanh vào đáp án đúng Số thích hợp điền vào dấu chấm là:,A. 2 | B. 1 | C. 3 | D. 4
189,true,1,"Trắc nghiệm Bài 18: Ôn tập phép cộng, phép trừ trong phạm vi 10",https://vietjack.com/toan-1-ket-noi/trac-nghiem-bai-18-on-tap-phep-cong-phep-tru-trong-pham-vi-10.jsp,5,14,"Chủ đề 2: Phép cộng, phép trừ trong phạm vi 10",6. Phép cộng trong phạm vi 10,60,low_score|ambiguous_match,A,Em khoanh vào đáp án đúng: Số thích hợp điền vào hình tròn là:,A. 9 | B. 8 | C. 7 | D. 3
189,true,1,"Trắc nghiệm Bài 18: Ôn tập phép cộng, phép trừ trong phạm vi 10",https://vietjack.com/toan-1-ket-noi/trac-nghiem-bai-18-on-tap-phep-cong-phep-tru-trong-pham-vi-10.jsp,1,14,"Chủ đề 2: Phép cộng, phép trừ trong phạm vi 10",6. Phép cộng trong phạm vi 10,60,low_score|ambiguous_match,C,Em khoanh vào đáp án đúng: Số thích hợp điền vào hình tròn là:,A. 4 | B. 3 | C. 1 | D. 2
189,true,1,"Trắc nghiệm Bài 18: Ôn tập phép cộng, phép trừ trong phạm vi 10",https://vietjack.com/toan-1-ket-noi/trac-nghiem-bai-18-on-tap-phep-cong-phep-tru-trong-pham-vi-10.jsp,2,14,"Chủ đề 2: Phép cộng, phép trừ trong phạm vi 10",6. Phép cộng trong phạm vi 10,60,low_score|ambiguous_match,A,Em khoanh vào đáp án đúng: Số thích hợp điền vào hình tròn là:,A. 5 | B. 4 | C. 3 | D. 8
190,true,1,"Trắc nghiệm Bài 18: Ôn tập phép cộng, phép trừ trong phạm vi 10",https://vietjack.com/toan-1-ket-noi/trac-nghiem-bai-18-on-tap-phep-cong-phep-tru-trong-pham-vi-10.jsp,3,14,"Chủ đề 2: Phép cộng, phép trừ trong phạm vi 10",6. Phép cộng trong phạm vi 10,60,low_score|ambiguous_match,C,Em khoanh vào đáp án đúng: Số thích hợp điền vào chỗ chấm là:,A. 3 | B. 4 | C. 5 | D. 6
189,true,1,"Trắc nghiệm Bài 18: Ôn tập phép cộng, phép trừ trong phạm vi 10",https://vietjack.com/toan-1-ket-noi/trac-nghiem-bai-18-on-tap-phep-cong-phep-tru-trong-pham-vi-10.jsp,4,14,"Chủ đề 2: Phép cộng, phép trừ trong phạm vi 10",6. Phép cộng trong phạm vi 10,60,low_score|ambiguous_match,C,Em khoanh vào đáp án đúng: Số thích hợp điền vào hình tròn là:,A. 9 | B. 7 | C. 8 | D. 6
191,true,1,"Trắc nghiệm Bài 18: Ôn tập phép cộng, phép trừ trong phạm vi 10",https://vietjack.com/toan-1-ket-noi/trac-nghiem-bai-18-on-tap-phep-cong-phep-tru-trong-pham-vi-10.jsp,5,14,"Chủ đề 2: Phép cộng, phép trừ trong phạm vi 10",6. Phép cộng trong phạm vi 10,60,low_score|ambiguous_match,A,Em khoanh vào đáp án đúng: Phép tính nào có kết quả như trong ảnh,A. 4 + 2 | B. 9 – 7 | C. 4 + 1 | D. 5 – 3
192,true,1,Trắc nghiệm Bài 23: Bảng các số từ 1 đến 100,https://vietjack.com/toan-1-ket-noi/trac-nghiem-bai-23-bang-cac-so-tu-1-den-100.jsp,1,22,Chủ đề 3: Các số trong phạm vi 100,1. Các số đến 100,46,low_score,C,Em hãy chọn đáp án đúng nhất Cách đọc số đúng là:,A. Một không | B. Mười không | C. Một trăm | D. Một không không
193,true,1,Trắc nghiệm Bài 23: Bảng các số từ 1 đến 100,https://vietjack.com/toan-1-ket-noi/trac-nghiem-bai-23-bang-cac-so-tu-1-den-100.jsp,2,22,Chủ đề 3: Các số trong phạm vi 100,1. Các số đến 100,46,low_score,C,Em hãy chọn đáp án đúng nhất Số 100 gồm:,A. 1 chục và 0 đơn vị | B. 100 chục | C. 10 chục và 0 đơn vị | D. 10 đơn vị và 1 chục
194,true,1,Trắc nghiệm Bài 23: Bảng các số từ 1 đến 100,https://vietjack.com/toan-1-ket-noi/trac-nghiem-bai-23-bang-cac-so-tu-1-den-100.jsp,3,22,Chủ đề 3: Các số trong phạm vi 100,1. Các số đến 100,46,low_score,B,Em hãy chọn đáp án đúng nhất Số bé nhất có hai chữ số giống nhau là:,A. 10 | B. 11 | C. 12 | D. 13
195,true,1,Trắc nghiệm Bài 23: Bảng các số từ 1 đến 100,https://vietjack.com/toan-1-ket-noi/trac-nghiem-bai-23-bang-cac-so-tu-1-den-100.jsp,4,22,Chủ đề 3: Các số trong phạm vi 100,1. Các số đến 100,46,low_score,B,Em hãy chọn đáp án đúng nhất Số bé nhất có hai chữ số là:,A. 12 | B. 10 | C. 20 | D. 30
196,true,1,Trắc nghiệm Bài 23: Bảng các số từ 1 đến 100,https://vietjack.com/toan-1-ket-noi/trac-nghiem-bai-23-bang-cac-so-tu-1-den-100.jsp,5,22,Chủ đề 3: Các số trong phạm vi 100,1. Các số đến 100,46,low_score,C,Em hãy chọn đáp án đúng nhất Số lớn nhất có hai chữ số là:,A. 98 | B. 97 | C. 100 | D. 99
197,true,1,Trắc nghiệm Bài 23: Bảng các số từ 1 đến 100,https://vietjack.com/toan-1-ket-noi/trac-nghiem-bai-23-bang-cac-so-tu-1-den-100.jsp,6,22,Chủ đề 3: Các số trong phạm vi 100,1. Các số đến 100,46,low_score,C,Em hãy chọn đáp án đúng nhất Số chẵn lớn nhất có hai chữ số là:,A. 94 | B. 96 | C. 98 | D. 100
198,true,1,Trắc nghiệm Bài 23: Bảng các số từ 1 đến 100,https://vietjack.com/toan-1-ket-noi/trac-nghiem-bai-23-bang-cac-so-tu-1-den-100.jsp,7,22,Chủ đề 3: Các số trong phạm vi 100,1. Các số đến 100,46,low_score,B,Em hãy chọn đáp án đúng nhất Số tròn chục lớn có hai chữ số là:,A. 99 | B. 90 | C. 98 | D. 97
199,true,1,Trắc nghiệm Bài 23: Bảng các số từ 1 đến 100,https://vietjack.com/toan-1-ket-noi/trac-nghiem-bai-23-bang-cac-so-tu-1-den-100.jsp,8,22,Chủ đề 3: Các số trong phạm vi 100,1. Các số đến 100,46,low_score,C,Em hãy chọn đáp án đúng nhất Từ 1 đến 100 có bao nhiêu số tròn chục?,A. 8 | B. 9 | C. 10 | D. 7
200,true,1,Trắc nghiệm Bài 23: Bảng các số từ 1 đến 100,https://vietjack.com/toan-1-ket-noi/trac-nghiem-bai-23-bang-cac-so-tu-1-den-100.jsp,9,22,Chủ đề 3: Các số trong phạm vi 100,1. Các số đến 100,46,low_score,D,Em hãy chọn đáp án đúng nhất Từ 1 đến 100 có bao nhiêu số có hai chữ số giống nhau?,A. 6 | B. 7 | C. 8 | D. 9
201,true,1,Trắc nghiệm Bài 23: Bảng các số từ 1 đến 100,https://vietjack.com/toan-1-ket-noi/trac-nghiem-bai-23-bang-cac-so-tu-1-den-100.jsp,10,22,Chủ đề 3: Các số trong phạm vi 100,1. Các số đến 100,46,low_score,A,Em hãy chọn đáp án đúng nhất Số thích hợp điền vào ô trống là: 34 35 36 37 38 39 41 42 43,A. 40 | B. 50 | C. 60 | D. 70
202,true,1,"Trắc nghiệm Bài 25: Dài hơn, ngắn hơn",https://vietjack.com/toan-1-ket-noi/trac-nghiem-bai-25-dai-hon-ngan-hon.jsp,2,28,Chủ đề 3: Các số trong phạm vi 100,"9. Dài hơn, ngắn hơn",60,low_score,A,"Đúng ghi Đ , sai ghi S",A. Cây cọ vẽ dài hơn cái thìa ……….. | B. Cái thìa dài bằng cây bút bi …………. | C. Cây bút bi dài hơn cây cọ vẽ …………..
203,true,2,"Trắc nghiệm Ôn tập về phép cộng, phép trừ (không nhớ) trong phạm vi 100",https://vietjack.com/toan-2-canh-dieu/trac-nghiem-on-tap-phep-cong-phep-tru-khong-nho-trong-pham-vi-100.jsp,1,52,"CHƯƠNG 2: PHÉP CỘNG, PHÉP TRỪ (CÓ NHỚ) TRONG PHẠM VI 100",1. Phép cộng (có nhớ) trong phạm vi 100,53,low_score|ambiguous_match,A,Con hãy chọn đáp án đúng nhất Tính: 10 + 3 = ?,A. 13 | B. 30 | C. 31 | D. 103
204,true,2,"Trắc nghiệm Ôn tập về phép cộng, phép trừ (không nhớ) trong phạm vi 100",https://vietjack.com/toan-2-canh-dieu/trac-nghiem-on-tap-phep-cong-phep-tru-khong-nho-trong-pham-vi-100.jsp,8,52,"CHƯƠNG 2: PHÉP CỘNG, PHÉP TRỪ (CÓ NHỚ) TRONG PHẠM VI 100",1. Phép cộng (có nhớ) trong phạm vi 100,53,low_score|ambiguous_match,D,Con hãy chọn đáp án đúng nhất Các số điền vào ô có dấu “?” từ trái sang phải lần lượt là:,A. 20; 60; 75 | B. 53; 13; 28 | C. 80; 55; 40 | D. 80; 40; 55
205,true,2,"Trắc nghiệm Ôn tập về phép cộng, phép trừ (không nhớ) trong phạm vi 100",https://vietjack.com/toan-2-canh-dieu/trac-nghiem-on-tap-phep-cong-phep-tru-khong-nho-trong-pham-vi-100.jsp,11,52,"CHƯƠNG 2: PHÉP CỘNG, PHÉP TRỪ (CÓ NHỚ) TRONG PHẠM VI 100",1. Phép cộng (có nhớ) trong phạm vi 100,53,low_score|ambiguous_match,A,Con hãy chọn đáp án đúng nhất Chọn dấu thích hợp để điền vào chỗ chấm: 35 + 51 … 96 – 14,A. > | B. < | C. =
206,true,2,"Trắc nghiệm Ôn tập về phép cộng, phép trừ (không nhớ) trong phạm vi 100",https://vietjack.com/toan-2-canh-dieu/trac-nghiem-on-tap-phep-cong-phep-tru-khong-nho-trong-pham-vi-100.jsp,12,52,"CHƯƠNG 2: PHÉP CỘNG, PHÉP TRỪ (CÓ NHỚ) TRONG PHẠM VI 100",1. Phép cộng (có nhớ) trong phạm vi 100,53,low_score|ambiguous_match,C,Con hãy chọn đáp án đúng nhất Tính: 76 – 56 + 27,A. 27 | B. 37 | C. 47 | D. 57
207,true,2,"Trắc nghiệm Ôn tập về phép cộng, phép trừ (không nhớ) trong phạm vi 100",https://vietjack.com/toan-2-canh-dieu/trac-nghiem-on-tap-phep-cong-phep-tru-khong-nho-trong-pham-vi-100.jsp,13,52,"CHƯƠNG 2: PHÉP CỘNG, PHÉP TRỪ (CÓ NHỚ) TRONG PHẠM VI 100",1. Phép cộng (có nhớ) trong phạm vi 100,53,low_score|ambiguous_match,B,"Con hãy chọn đáp án đúng nhất Lớp 2A trồng được 35 cây, lớp 2B trồng được 41 cây. Hỏi hai lớp trồng được tất cả bao nhiêu cây?",A. 75 cây | B. 76 cây | C. 77 cây | D. 78 cây
231,true,2,Trắc nghiệm Phép cộng (có nhớ) trong phạm vi 20,https://vietjack.com/toan-2-canh-dieu/trac-nghiem-phep-cong-co-nho-trong-pham-vi-20.jsp,6,44,"CHƯƠNG 1: ÔN TẬP LỚP 1 PHÉP CỘNG, PHÉP TRỪ (CÓ NHỚ) TRONG PHẠM VI 20",9. Phép cộng (có nhớ) trong phạm vi 20,92,ambiguous_match,A,Con hãy chọn đáp án đúng nhất Chọn dấu thích hợp để điền vào chỗ trống. 9 + 8 ... 15,A. > | B. < | C. =
232,true,2,Trắc nghiệm Phép cộng (có nhớ) trong phạm vi 20,https://vietjack.com/toan-2-canh-dieu/trac-nghiem-phep-cong-co-nho-trong-pham-vi-20.jsp,9,44,"CHƯƠNG 1: ÔN TẬP LỚP 1 PHÉP CỘNG, PHÉP TRỪ (CÓ NHỚ) TRONG PHẠM VI 20",9. Phép cộng (có nhớ) trong phạm vi 20,92,ambiguous_match,D,Con hãy chọn đáp án đúng nhất Tính: 9 + 5 + 3.,A. 14 | B. 15 | C. 16 | D. 17
233,true,2,Trắc nghiệm Phép cộng (có nhớ) trong phạm vi 20,https://vietjack.com/toan-2-canh-dieu/trac-nghiem-phep-cong-co-nho-trong-pham-vi-20.jsp,10,44,"CHƯƠNG 1: ÔN TẬP LỚP 1 PHÉP CỘNG, PHÉP TRỪ (CÓ NHỚ) TRONG PHẠM VI 20",9. Phép cộng (có nhớ) trong phạm vi 20,92,ambiguous_match,C,Con hãy chọn đáp án đúng nhất Tính: 7 + 6 + 5.,A. 16 | B. 17 | C. 18 | D. 19
234,true,2,Trắc nghiệm Phép cộng (có nhớ) trong phạm vi 20,https://vietjack.com/toan-2-canh-dieu/trac-nghiem-phep-cong-co-nho-trong-pham-vi-20.jsp,13,44,"CHƯƠNG 1: ÔN TẬP LỚP 1 PHÉP CỘNG, PHÉP TRỪ (CÓ NHỚ) TRONG PHẠM VI 20",9. Phép cộng (có nhớ) trong phạm vi 20,92,ambiguous_match,C,Con hãy chọn đáp án đúng nhất Trong sân có 8 con gà và 7 con vịt. Hỏi trong sân có tất cả bao nhiêu con gà và vịt?,A. 13 con | B. 14 con | C. 15 con | D. 16 con
238,true,2,Trắc nghiệm Phép trừ (có nhớ) trong phạm vi 20,https://vietjack.com/toan-2-canh-dieu/trac-nghiem-phep-tru-co-nho-trong-pham-vi-20.jsp,6,40,"CHƯƠNG 1: ÔN TẬP LỚP 1 PHÉP CỘNG, PHÉP TRỪ (CÓ NHỚ) TRONG PHẠM VI 20","3. Tia số. Số liền trước, số liền sau",92,ambiguous_match,C,Con hãy chọn đáp án đúng nhất Chọn dấu thích hợp để điền vào chỗ trống. 12 – 3 ... 9,A. > | B. < | C. =
239,true,2,Trắc nghiệm Phép trừ (có nhớ) trong phạm vi 20,https://vietjack.com/toan-2-canh-dieu/trac-nghiem-phep-tru-co-nho-trong-pham-vi-20.jsp,9,40,"CHƯƠNG 1: ÔN TẬP LỚP 1 PHÉP CỘNG, PHÉP TRỪ (CÓ NHỚ) TRONG PHẠM VI 20","3. Tia số. Số liền trước, số liền sau",92,ambiguous_match,C,Con hãy chọn đáp án đúng nhất Trái tim nào ghi phép tính nào có kết quả lớn nhất?,A. Trái tim màu xanh da trời | B. Trái tim màu vàng | C. Trái tim màu xanh lá cây | D. Trái tim màu hồng
240,true,2,Trắc nghiệm Phép trừ (có nhớ) trong phạm vi 20,https://vietjack.com/toan-2-canh-dieu/trac-nghiem-phep-tru-co-nho-trong-pham-vi-20.jsp,13,40,"CHƯƠNG 1: ÔN TẬP LỚP 1 PHÉP CỘNG, PHÉP TRỪ (CÓ NHỚ) TRONG PHẠM VI 20","3. Tia số. Số liền trước, số liền sau",92,ambiguous_match,D,Con hãy chọn đáp án đúng nhất Cô Lan có 11 quả trứng gà. Cô dùng 3 quả để làm bánh. Hỏi cô Lan còn lại bao nhiêu quả trứng gà?,A. 14 quả | B. 10 quả | C. 9 quả | D. 8 quả
248,true,2,"Trắc nghiệm Bài toán liên quan đến phép cộng, phép trừ",https://vietjack.com/toan-2-canh-dieu/trac-nghiem-bai-toan-lien-quan-den-phep-cong-phep-tru.jsp,4,50,"CHƯƠNG 1: ÔN TẬP LỚP 1 PHÉP CỘNG, PHÉP TRỪ (CÓ NHỚ) TRONG PHẠM VI 20","22. Bài toán liên quan đến phép cộng, phép trừ",92,ambiguous_match,C,"Con hãy chọn đáp án đúng nhất Trên khay có 7 quả trứng, mẹ cho thêm 3 quả trứng vào khay. Hỏi trên khay có tất cả bao nhiêu quả trứng?",A. 4 quả | B. 8 quả | C. 10 quả | D. 12 quả
249,true,2,"Trắc nghiệm Bài toán liên quan đến phép cộng, phép trừ",https://vietjack.com/toan-2-canh-dieu/trac-nghiem-bai-toan-lien-quan-den-phep-cong-phep-tru.jsp,13,50,"CHƯƠNG 1: ÔN TẬP LỚP 1 PHÉP CỘNG, PHÉP TRỪ (CÓ NHỚ) TRONG PHẠM VI 20","22. Bài toán liên quan đến phép cộng, phép trừ",92,ambiguous_match,D,"Con hãy chọn đáp án đúng nhất Trên bờ đang có số con vịt là số chẵn lớn nhất có một chữ số, sau đó có 6 con vịt ở dưới ao lên bờ. Hỏi lúc này ở trên bờ có bao nhiêu con vịt?",A. 8 con vịt | B. 10 con vịt | C. 12 con vịt | D. 14 con vịt
250,true,2,Trắc nghiệm Phép cộng (có nhớ) trong phạm vi 100,https://vietjack.com/toan-2-canh-dieu/trac-nghiem-phep-cong-co-nho-trong-pham-vi-100.jsp,2,52,"CHƯƠNG 2: PHÉP CỘNG, PHÉP TRỪ (CÓ NHỚ) TRONG PHẠM VI 100",1. Phép cộng (có nhớ) trong phạm vi 100,92,ambiguous_match,B,Con hãy chọn đáp án đúng nhất Tính: 67 + 27.,A. 93 | B. 94 | C. 95 | D. 96
251,true,2,Trắc nghiệm Phép cộng (có nhớ) trong phạm vi 100,https://vietjack.com/toan-2-canh-dieu/trac-nghiem-phep-cong-co-nho-trong-pham-vi-100.jsp,7,52,"CHƯƠNG 2: PHÉP CỘNG, PHÉP TRỪ (CÓ NHỚ) TRONG PHẠM VI 100",1. Phép cộng (có nhớ) trong phạm vi 100,92,ambiguous_match,C,Con hãy chọn đáp án đúng nhất Chọn dấu thích hợp để điền vào chỗ trống. 57 + 14 ... 71,A. > | B. < | C. =
252,true,2,Trắc nghiệm Phép cộng (có nhớ) trong phạm vi 100,https://vietjack.com/toan-2-canh-dieu/trac-nghiem-phep-cong-co-nho-trong-pham-vi-100.jsp,9,52,"CHƯƠNG 2: PHÉP CỘNG, PHÉP TRỪ (CÓ NHỚ) TRONG PHẠM VI 100",1. Phép cộng (có nhớ) trong phạm vi 100,92,ambiguous_match,A,"Con hãy chọn những đáp án đúng (Được chọn nhiều đáp án) Trong các phép tính sau, phép tính nào có kết quả lớn hơn 70 ?",A. 44 + 28 | B. 27 + 39 | C. 36 + 34 | D. 36 + 45
253,true,2,Trắc nghiệm Phép cộng (có nhớ) trong phạm vi 100,https://vietjack.com/toan-2-canh-dieu/trac-nghiem-phep-cong-co-nho-trong-pham-vi-100.jsp,11,52,"CHƯƠNG 2: PHÉP CỘNG, PHÉP TRỪ (CÓ NHỚ) TRONG PHẠM VI 100",1. Phép cộng (có nhớ) trong phạm vi 100,92,ambiguous_match,D,"Con hãy chọn đáp án đúng nhất Trong các phép tính sau, phép tính nào có kết quả lớn nhất?",A. 38 + 29 | B. 47 + 24 | C. 25 + 38 | D. 65 + 9
254,true,2,Trắc nghiệm Phép cộng (có nhớ) trong phạm vi 100,https://vietjack.com/toan-2-canh-dieu/trac-nghiem-phep-cong-co-nho-trong-pham-vi-100.jsp,13,52,"CHƯƠNG 2: PHÉP CỘNG, PHÉP TRỪ (CÓ NHỚ) TRONG PHẠM VI 100",1. Phép cộng (có nhớ) trong phạm vi 100,92,ambiguous_match,A,Con hãy chọn đáp án đúng nhất Tính: 36 + 49 + 14.,A. 99 | B. 98 | C. 97 | D. 96
281,true,2,Trắc nghiệm Phép chia,https://vietjack.com/toan-2-canh-dieu/trac-nghiem-phep-chia.jsp,2,63,"CHƯƠNG 3: PHÉP NHÂN, PHÉP CHIA",1. Làm quen với phép nhân. Dấu nhân,92,ambiguous_match,C,Con hãy lựa chọn đáp án Đúng hoặc Sai Rổ táo có 12 quả táo. Mẹ chia đều vào 3 đĩa táo. Mỗi rổ có 4 quả táo. Ta được phép tính 12 : 3 = 4 . Đúng hay sai?,A. Đúng | B. Sai
282,true,2,Trắc nghiệm Phép chia,https://vietjack.com/toan-2-canh-dieu/trac-nghiem-phep-chia.jsp,11,63,"CHƯƠNG 3: PHÉP NHÂN, PHÉP CHIA",1. Làm quen với phép nhân. Dấu nhân,92,ambiguous_match,C,Con hãy chọn đáp án đúng nhất Chọn bài toán phù hợp với hình vẽ dưới đây:,"A. Băng giấy dài 6cm, cắt đi 3 cm. Hỏi băng giấy còn lại dài bao nhiêu xăng – ti - mét? | B. Chia băng giấy thành 3 phần bằng nhau. Hỏi một phần dài bao nhiêu xăng – ti – mét? | C. Chia băng giấy dài 6cm thành 3 phần bằng nhau. Hỏi mỗi phần dài bao nhiêu xăng – ti – mét? | D. Chia băng giấy thành 3 phần bằng nhau. Mỗi phần dài 6cm. Hỏi bang giấy dài bao nhiêu xăng – ti – mét?"
300,true,2,Trắc nghiệm Các số trong phạm vi 1000,https://vietjack.com/toan-2-canh-dieu/trac-nghiem-cac-so-trong-pham-vi-1000.jsp,3,78,"CHƯƠNG 4: CÁC SỐ TRONG PHẠM VI 1000. PHÉP CỘNG, PHÉP TRỪ TRONG PHẠM VI 1000",1. Các số trong phạm vi 1000,92,ambiguous_match,C,Con hãy chọn đáp án đúng nhất Giá trị của hình dưới đây là:,A. 109 | B. 190 | C. 910 | D. 901
301,true,2,Trắc nghiệm Các số trong phạm vi 1000,https://vietjack.com/toan-2-canh-dieu/trac-nghiem-cac-so-trong-pham-vi-1000.jsp,13,78,"CHƯƠNG 4: CÁC SỐ TRONG PHẠM VI 1000. PHÉP CỘNG, PHÉP TRỪ TRONG PHẠM VI 1000",1. Các số trong phạm vi 1000,92,ambiguous_match,A,Con hãy điền từ / cụm từ/ số thích hợp vào các ô trống Điền số thích hợp vào chỗ trống:,A. Số lớn nhất có 2 chữ số là : ….. | B. Số lớn nhất có 3 chữ số là : …..
302,true,2,Trắc nghiệm Các số có ba chữ số,https://vietjack.com/toan-2-canh-dieu/trac-nghiem-cac-so-co-ba-chu-so.jsp,1,79,"CHƯƠNG 4: CÁC SỐ TRONG PHẠM VI 1000. PHÉP CỘNG, PHÉP TRỪ TRONG PHẠM VI 1000",2. Các số có ba chữ số,92,ambiguous_match,C,Con hãy chọn đáp án đúng nhất Số 255 ứng với cách đọc là:,A. Hai trăm lăm lăm | B. Hai trăm lăm mươi lăm | C. Hai trăm năm lăm | D. Hai trăm năm mươi lăm.
303,true,2,Trắc nghiệm Các số có ba chữ số,https://vietjack.com/toan-2-canh-dieu/trac-nghiem-cac-so-co-ba-chu-so.jsp,2,79,"CHƯƠNG 4: CÁC SỐ TRONG PHẠM VI 1000. PHÉP CỘNG, PHÉP TRỪ TRONG PHẠM VI 1000",2. Các số có ba chữ số,92,ambiguous_match,C,Con hãy chọn đáp án đúng nhất Số “Sáu trăm linh một” được viết là:,A. 61 | B. 6001 | C. 601 | D. 691
309,true,2,Trắc nghiệm Mét,https://vietjack.com/toan-2-canh-dieu/trac-nghiem-met.jsp,1,41,"CHƯƠNG 1: ÔN TẬP LỚP 1 PHÉP CỘNG, PHÉP TRỪ (CÓ NHỚ) TRONG PHẠM VI 20",4. Đề-xi-mét,92,ambiguous_match,C,Con hãy chọn đáp án đúng nhất Mét được viết tắt là:,A. cm | B. dm | C. m
310,true,2,Trắc nghiệm Mét,https://vietjack.com/toan-2-canh-dieu/trac-nghiem-met.jsp,3,41,"CHƯƠNG 1: ÔN TẬP LỚP 1 PHÉP CỘNG, PHÉP TRỪ (CÓ NHỚ) TRONG PHẠM VI 20",4. Đề-xi-mét,92,ambiguous_match,D,Con hãy chọn đáp án đúng nhất Số thích hợp điền vào chỗ trống để 1 m = … cm là:,A. 1 | B. 5 | C. 10 | D. 100
311,true,2,Trắc nghiệm Mét,https://vietjack.com/toan-2-canh-dieu/trac-nghiem-met.jsp,5,41,"CHƯƠNG 1: ÔN TẬP LỚP 1 PHÉP CỘNG, PHÉP TRỪ (CÓ NHỚ) TRONG PHẠM VI 20",4. Đề-xi-mét,92,ambiguous_match,C,Con hãy chọn đáp án đúng nhất 9 m = … cm. Số thích hợp điền vào chỗ trống là:,A. 9 | B. 90 | C. 900
312,true,2,Trắc nghiệm Mét,https://vietjack.com/toan-2-canh-dieu/trac-nghiem-met.jsp,7,41,"CHƯƠNG 1: ÔN TẬP LỚP 1 PHÉP CỘNG, PHÉP TRỪ (CÓ NHỚ) TRONG PHẠM VI 20",4. Đề-xi-mét,92,ambiguous_match,C,Con hãy chọn đáp án đúng nhất Chọn số đo thích hợp. Phòng học lớp em dài khoảng:,A. 10 cm | B. 10 dm | C. 10 m
313,true,2,Trắc nghiệm Mét,https://vietjack.com/toan-2-canh-dieu/trac-nghiem-met.jsp,8,41,"CHƯƠNG 1: ÔN TẬP LỚP 1 PHÉP CỘNG, PHÉP TRỪ (CÓ NHỚ) TRONG PHẠM VI 20",4. Đề-xi-mét,92,ambiguous_match,D,Con hãy chọn đáp án đúng nhất Tính: 25 m + 16 m.,A. 31 m | B. 32 m | C. 40 m | D. 41 m
314,true,2,Trắc nghiệm Mét,https://vietjack.com/toan-2-canh-dieu/trac-nghiem-met.jsp,10,41,"CHƯƠNG 1: ÔN TẬP LỚP 1 PHÉP CỘNG, PHÉP TRỪ (CÓ NHỚ) TRONG PHẠM VI 20",4. Đề-xi-mét,92,ambiguous_match,B,Con hãy chọn đáp án đúng nhất Tính: 58 m + 35 m – 12 m.,A. 80 m | B. 81 m | C. 82 m | D. 83 m
315,true,2,Trắc nghiệm Mét,https://vietjack.com/toan-2-canh-dieu/trac-nghiem-met.jsp,11,41,"CHƯƠNG 1: ÔN TẬP LỚP 1 PHÉP CỘNG, PHÉP TRỪ (CÓ NHỚ) TRONG PHẠM VI 20",4. Đề-xi-mét,92,ambiguous_match,A,Con hãy chọn đáp án đúng nhất Chọn dấu thích hợp để điền vào chỗ chấm: 8 m ... 77 dm,A. > | B. < | C. =
316,true,2,Trắc nghiệm Mét,https://vietjack.com/toan-2-canh-dieu/trac-nghiem-met.jsp,13,41,"CHƯƠNG 1: ÔN TẬP LỚP 1 PHÉP CỘNG, PHÉP TRỪ (CÓ NHỚ) TRONG PHẠM VI 20",4. Đề-xi-mét,92,ambiguous_match,B,"Con hãy chọn đáp án đúng nhất Tấm vải màu đỏ dài 18m, tấm vải màu xanh dài 24 m. Cả hai tấm vải có độ dài là:",A. 32 m | B. 42 m | C. 52 m | D. 62 m
317,true,2,Trắc nghiệm Mét,https://vietjack.com/toan-2-canh-dieu/trac-nghiem-met.jsp,14,41,"CHƯƠNG 1: ÔN TẬP LỚP 1 PHÉP CỘNG, PHÉP TRỪ (CÓ NHỚ) TRONG PHẠM VI 20",4. Đề-xi-mét,92,ambiguous_match,C,"Cho biết chiều cao của một số công trình kiến trúc như sau: Trong các công trình kiến trúc đã cho, công trình cao nhất là:",A. Cột cờ Hà Nội | B. Tháp Rùa | C. Tháp chùa Thiên Mụ | D. Dinh Độc Lập
318,true,2,Trắc nghiệm Mét,https://vietjack.com/toan-2-canh-dieu/trac-nghiem-met.jsp,15,41,"CHƯƠNG 1: ÔN TẬP LỚP 1 PHÉP CỘNG, PHÉP TRỪ (CÓ NHỚ) TRONG PHẠM VI 20",4. Đề-xi-mét,92,ambiguous_match,C,Cho biết chiều cao của một số công trình kiến trúc như sau: Công trình kiến trúc nào cao hơn 25 m nhưng thấp hơn 30 m?,A. Cột cờ Hà Nội | B. Tháp Rùa | C. Tháp chùa Thiên Mụ | D. Dinh Độc Lập
319,true,2,Trắc nghiệm Mét,https://vietjack.com/toan-2-canh-dieu/trac-nghiem-met.jsp,16,41,"CHƯƠNG 1: ÔN TẬP LỚP 1 PHÉP CỘNG, PHÉP TRỪ (CÓ NHỚ) TRONG PHẠM VI 20",4. Đề-xi-mét,92,ambiguous_match,C,Cho biết chiều cao của một số công trình kiến trúc như sau: Cột cờ Hà Nội cao hơn Tháp Rùa số mét là:,A. 12 m | B. 14 m | C. 17 m | D. 24 m
414,true,3,Trắc nghiệm Bảng chia 4,https://vietjack.com/toan-3-cd/trac-nghiem-bang-chia-4.jsp,1,91,"Chủ đề 1: Bảng nhân, bảng chia",4. Mi-li-mét,92,ambiguous_match,C,Điền số thích hợp vào ô trống:,A. 30 | B. 26 | C. 28 | D. 27
415,true,3,Trắc nghiệm Bảng chia 4,https://vietjack.com/toan-3-cd/trac-nghiem-bang-chia-4.jsp,2,91,"Chủ đề 1: Bảng nhân, bảng chia",4. Mi-li-mét,92,ambiguous_match,B,Phép chia nào dưới đây có kết quả bằng 6,A. 28 : 4 | B. 24 : 4 | C. 36 : 4 | D. 12 : 4
416,true,3,Trắc nghiệm Bảng chia 4,https://vietjack.com/toan-3-cd/trac-nghiem-bang-chia-4.jsp,3,91,"Chủ đề 1: Bảng nhân, bảng chia",4. Mi-li-mét,92,ambiguous_match,A,Chọn phát biểu đúng,A. 12 kg : 4 = 3 kg | B. 32 mm : 4 = 7 mm | C. 40 l : 4 = 9 l | D. 4 cm : 4 = 0 cm
417,true,3,Trắc nghiệm Bảng chia 4,https://vietjack.com/toan-3-cd/trac-nghiem-bang-chia-4.jsp,4,91,"Chủ đề 1: Bảng nhân, bảng chia",4. Mi-li-mét,92,ambiguous_match,D,"Tìm x , biết: 16 : 4 + x = 50",A. 42 | B. 44 | C. 45 | D. 46
418,true,3,Trắc nghiệm Bảng chia 4,https://vietjack.com/toan-3-cd/trac-nghiem-bang-chia-4.jsp,5,91,"Chủ đề 1: Bảng nhân, bảng chia",4. Mi-li-mét,92,ambiguous_match,C,"Trong các biểu thức sau, biểu thức nào có giá trị lớn nhất:",A. 28 : 4 + 3 | B. 32 : 4 – 3 | C. 12 : 4 + 10 | D. 36 : 4 – 9
419,true,3,Trắc nghiệm Bảng chia 4,https://vietjack.com/toan-3-cd/trac-nghiem-bang-chia-4.jsp,6,91,"Chủ đề 1: Bảng nhân, bảng chia",4. Mi-li-mét,92,ambiguous_match,D,Có 24 quả cam xếp đều vào 4 túi. Hỏi mỗi túi có bao nhiêu quả cam?,A. 3 quả | B. 4 quả | C. 5 quả | D. 6 quả
420,true,3,Trắc nghiệm Bảng chia 4,https://vietjack.com/toan-3-cd/trac-nghiem-bang-chia-4.jsp,7,91,"Chủ đề 1: Bảng nhân, bảng chia",4. Mi-li-mét,92,ambiguous_match,D,"Lan có 25 quyển vở, mẹ mua thêm cho Lan 7 quyển nữa. Số vở đó Lan viết hết trong 4 kì học. Hỏi mỗi một học kì Lan viết hết bao nhiêu quyển vở (biết số vở mỗi kì học Lan viết là như nhau)",A. 5 quyển | B. 6 quyển | C. 7 quyển | D. 8 quyển
421,true,3,Trắc nghiệm Bảng chia 4,https://vietjack.com/toan-3-cd/trac-nghiem-bang-chia-4.jsp,8,91,"Chủ đề 1: Bảng nhân, bảng chia",4. Mi-li-mét,92,ambiguous_match,A,"Tìm một số, biết rằng nếu lấy số đó cộng với 30 rồi trừ đi 14, được bao nhiêu đem chia cho 4 thì được kết quả là 5",A. 4 | B. 5 | C. 6 | D. 7
422,true,3,Trắc nghiệm Bảng chia 6,https://vietjack.com/toan-3-cd/trac-nghiem-bang-chia-6.jsp,1,92,"Chủ đề 1: Bảng nhân, bảng chia",6. Bảng nhân 3,92,ambiguous_match,C,Điền số thích hợp vào ô trống: Số bị chia 42 Số chia 6 Thương ?,A. 5 | B. 6 | C. 7 | D. 8
423,true,3,Trắc nghiệm Bảng chia 6,https://vietjack.com/toan-3-cd/trac-nghiem-bang-chia-6.jsp,2,92,"Chủ đề 1: Bảng nhân, bảng chia",6. Bảng nhân 3,92,ambiguous_match,C,Phép chia nào dưới đây có kết quả bằng 6,A. 0 : 6 | B. 48 : 6 | C. 36 : 6 | D. 12 : 6
424,true,3,Trắc nghiệm Bảng chia 6,https://vietjack.com/toan-3-cd/trac-nghiem-bang-chia-6.jsp,3,92,"Chủ đề 1: Bảng nhân, bảng chia",6. Bảng nhân 3,92,ambiguous_match,B,"Trong các biểu thức sau, biểu thức nào có giá trị nhỏ nhất:",A. 48 : 6 + 200 | B. 36 : 6 × 2 | C. 250 – 6 × 5 | D. 100 + 6 × 7
425,true,3,Trắc nghiệm Bảng chia 6,https://vietjack.com/toan-3-cd/trac-nghiem-bang-chia-6.jsp,4,92,"Chủ đề 1: Bảng nhân, bảng chia",6. Bảng nhân 3,92,ambiguous_match,A,"Tìm x , biết: 18 : 6 - x = 3",A. 0 | B. 3 | C. 6 | D. 9
426,true,3,Trắc nghiệm Bảng chia 6,https://vietjack.com/toan-3-cd/trac-nghiem-bang-chia-6.jsp,5,92,"Chủ đề 1: Bảng nhân, bảng chia",6. Bảng nhân 3,92,ambiguous_match,C,"Tuổi của mẹ hiện nay là 30 tuổi, tuổi của mẹ gấp 6 lần tuổi của con. Hỏi con năm nay bao nhiêu tuổi?",A. 3 tuổi | B. 4 tuổi | C. 5 tuổi | D. 6 tuổi
427,true,3,Trắc nghiệm Bảng chia 6,https://vietjack.com/toan-3-cd/trac-nghiem-bang-chia-6.jsp,6,92,"Chủ đề 1: Bảng nhân, bảng chia",6. Bảng nhân 3,92,ambiguous_match,B,Biết x = 18 : 6 và 24 : y = 6. Giá trị của x + y là:,A. 6 | B. 7 | C. 8 | D. 9
428,true,3,Trắc nghiệm Bảng chia 6,https://vietjack.com/toan-3-cd/trac-nghiem-bang-chia-6.jsp,7,92,"Chủ đề 1: Bảng nhân, bảng chia",6. Bảng nhân 3,92,ambiguous_match,A,Mỗi hàng có 6 bạn học sinh. Hỏi có 54 bạn học sinh thì xếp được bao nhiêu hàng như thế?,A. 9 hàng | B. 8 hàng | C. 7 hàng | D. 6 hàng
429,true,3,Trắc nghiệm Bảng chia 6,https://vietjack.com/toan-3-cd/trac-nghiem-bang-chia-6.jsp,8,92,"Chủ đề 1: Bảng nhân, bảng chia",6. Bảng nhân 3,92,ambiguous_match,D,"Tìm một số, biết rằng nếu lấy số đó cộng với 30 rồi trừ đi 14, được bao nhiêu đem chia cho 6 thì được kết quả là 4",A. 5 | B. 6 | C. 7 | D. 8
438,true,3,Trắc nghiệm Bảng chia 7,https://vietjack.com/toan-3-cd/trac-nghiem-bang-chia-7.jsp,1,93,"Chủ đề 1: Bảng nhân, bảng chia",7. Bảng nhân 4,92,ambiguous_match,B,Điền số thích hợp vào ô trống:,A. 34 | B. 28 | C. 24 | D. 25
439,true,3,Trắc nghiệm Bảng chia 7,https://vietjack.com/toan-3-cd/trac-nghiem-bang-chia-7.jsp,2,93,"Chủ đề 1: Bảng nhân, bảng chia",7. Bảng nhân 4,92,ambiguous_match,A,Phép chia nào dưới đây có kết quả bằng 5,A. 35 : 7 | B. 21 : 7 | C. 70 : 10 | D. 56 : 7
440,true,3,Trắc nghiệm Bảng chia 7,https://vietjack.com/toan-3-cd/trac-nghiem-bang-chia-7.jsp,3,93,"Chủ đề 1: Bảng nhân, bảng chia",7. Bảng nhân 4,92,ambiguous_match,B,Có 42 cái bánh chia đều vào 7 khay. Phép chia thích hợp để tính số cái bánh trong mỗi khay là:,A. 42 : 6 = 7 (cái bánh) | B. 42 : 7 = 6 (cái bánh) | C. 7 × 6 = 42 (cái bánh) | D. 6 × 7 = 42 (cái bánh)
357,true,3,Trắc nghiệm Bảng chia 7,https://vietjack.com/toan-3-cd/trac-nghiem-bang-chia-7.jsp,4,93,"Chủ đề 1: Bảng nhân, bảng chia",7. Bảng nhân 4,92,ambiguous_match,D,Điền số thích hợp vào ô trống,A. 12; 5 | B. 35; 28 | C. 12; 28 | D. 35; 5
357,true,3,Trắc nghiệm Bảng chia 7,https://vietjack.com/toan-3-cd/trac-nghiem-bang-chia-7.jsp,5,93,"Chủ đề 1: Bảng nhân, bảng chia",7. Bảng nhân 4,92,ambiguous_match,C,Điền số thích hợp vào ô trống,A. 14; 7 | B. 7; 14 | C. 7; 0 | D. 0; 7
441,true,3,Trắc nghiệm Bảng chia 7,https://vietjack.com/toan-3-cd/trac-nghiem-bang-chia-7.jsp,6,93,"Chủ đề 1: Bảng nhân, bảng chia",7. Bảng nhân 4,92,ambiguous_match,B,63 ngày bằng bao nhiêu tuần lễ?,A. 8 tuần | B. 9 tuần | C. 10 tuần | D. 7 tuần
442,true,3,Trắc nghiệm Bảng chia 7,https://vietjack.com/toan-3-cd/trac-nghiem-bang-chia-7.jsp,7,93,"Chủ đề 1: Bảng nhân, bảng chia",7. Bảng nhân 4,92,ambiguous_match,C,"Lớp 3A có tất cả 42 học sinh. Cô giáo chia thành các nhóm, mỗi nhóm có 7 học sinh. Hỏi cô giáo chia được bao nhiêu nhóm tất cả?",A. 4 nhóm | B. 5 nhóm | C. 6 nhóm | D. 7 nhóm
443,true,3,Trắc nghiệm Bảng chia 7,https://vietjack.com/toan-3-cd/trac-nghiem-bang-chia-7.jsp,8,93,"Chủ đề 1: Bảng nhân, bảng chia",7. Bảng nhân 4,92,ambiguous_match,A,Có 21 l dầu chia đều vào 7 can. Hỏi mỗi can có bao nhiêu lít dầu?,A. 3 lít | B. 6 lít | C. 7 lít | D. 10 lít
444,true,3,Trắc nghiệm Bảng chia 8,https://vietjack.com/toan-3-cd/trac-nghiem-bang-chia-8.jsp,1,94,"Chủ đề 1: Bảng nhân, bảng chia",8. Bảng nhân 6,92,ambiguous_match,D,Điền số thích hợp vào ô trống:,A. 5 | B. 6 | C. 7 | D. 8
445,true,3,Trắc nghiệm Bảng chia 8,https://vietjack.com/toan-3-cd/trac-nghiem-bang-chia-8.jsp,2,94,"Chủ đề 1: Bảng nhân, bảng chia",8. Bảng nhân 6,92,ambiguous_match,B,Phép chia nào dưới đây có kết quả bằng 6,A. 8 : 8 | B. 48 : 8 | C. 24 : 8 | D. 32 : 8
446,true,3,Trắc nghiệm Bảng chia 8,https://vietjack.com/toan-3-cd/trac-nghiem-bang-chia-8.jsp,3,94,"Chủ đề 1: Bảng nhân, bảng chia",8. Bảng nhân 6,92,ambiguous_match,D,"Trong các biểu thức sau, biểu thức nào có giá trị nhỏ nhất:",A. 48 : 8 + 150 | B. 72 : 8 × 7 | C. 125 – 40 : 8 | D. 20 + 64 : 8
447,true,3,Trắc nghiệm Bảng chia 8,https://vietjack.com/toan-3-cd/trac-nghiem-bang-chia-8.jsp,4,94,"Chủ đề 1: Bảng nhân, bảng chia",8. Bảng nhân 6,92,ambiguous_match,B,Có 24 quả xoài chia đều vào 3 đĩa. Phép chia thích hợp để tính số quả xoài trong mỗi đĩa là:,A. 24 : 8 = 3 (quả) | B. 24 : 3 = 8 (quả) | C. 3 × 8 = 24 (quả) | D. 8 × 3 = 24 (quả)
448,true,3,Trắc nghiệm Bảng chia 8,https://vietjack.com/toan-3-cd/trac-nghiem-bang-chia-8.jsp,5,94,"Chủ đề 1: Bảng nhân, bảng chia",8. Bảng nhân 6,92,ambiguous_match,A,"Cửa hàng thứ nhất có 40kg gạo nếp, Số gạo nếp của cửa hàng thứ hai bằng số gạo nếp của cửa hàng thứ nhất giảm đi 8 lần. Hỏi cửa hàng thứ hai có bao nhiêu kg gạo nếp.",A. 5 kg gạo nếp | B. 6 kg gạo nếp | C. 7 kg gạo nếp | D. 8 kg gạo nếp
449,true,3,Trắc nghiệm Bảng chia 8,https://vietjack.com/toan-3-cd/trac-nghiem-bang-chia-8.jsp,6,94,"Chủ đề 1: Bảng nhân, bảng chia",8. Bảng nhân 6,92,ambiguous_match,D,Biết x = 16 : 8 và 24 : y = 8. Giá trị của x × y + 5 là:,A. 5 | B. 8 | C. 11 | D. 15
450,true,3,Trắc nghiệm Bảng chia 8,https://vietjack.com/toan-3-cd/trac-nghiem-bang-chia-8.jsp,7,94,"Chủ đề 1: Bảng nhân, bảng chia",8. Bảng nhân 6,92,ambiguous_match,C,An giải 1 bài toán trong thời gian 8 phút. Hỏi trong 48 phút An giải được bao nhiêu bài toán tất cả? (không tính thời gian nghỉ),A. 4 bài | B. 5 bài | C. 6 bài | D. 7 bài
451,true,3,Trắc nghiệm Bảng chia 8,https://vietjack.com/toan-3-cd/trac-nghiem-bang-chia-8.jsp,8,94,"Chủ đề 1: Bảng nhân, bảng chia",8. Bảng nhân 6,92,ambiguous_match,B,"Tìm một số, biết rằng nếu lấy số đó trừ đi 30 rồi cộng 6, được bao nhiêu đem chia cho 8 thì được kết quả là 2",A. 45 | B. 40 | C. 38 | D. 35
452,true,3,Trắc nghiệm Bảng chia 9,https://vietjack.com/toan-3-cd/trac-nghiem-bang-chia-9.jsp,1,95,"Chủ đề 1: Bảng nhân, bảng chia",9. Gấp một số lên một số lần,92,ambiguous_match,B,Điền số thích hợp vào ô trống:,A. 7 | B. 8 | C. 9 | D. 10
453,true,3,Trắc nghiệm Bảng chia 9,https://vietjack.com/toan-3-cd/trac-nghiem-bang-chia-9.jsp,2,95,"Chủ đề 1: Bảng nhân, bảng chia",9. Gấp một số lên một số lần,92,ambiguous_match,A,Phép chia nào dưới đây có kết quả bằng 9?,A. 81 : 9 | B. 27 : 9 | C. 45 : 9 | D. 36 : 9
454,true,3,Trắc nghiệm Bảng chia 9,https://vietjack.com/toan-3-cd/trac-nghiem-bang-chia-9.jsp,3,95,"Chủ đề 1: Bảng nhân, bảng chia",9. Gấp một số lên một số lần,92,ambiguous_match,B,Phép tính nào sau đây không đúng?,A. 72 – 36 : 9 = 68 | B. 54 : 9 + 4 = 8 | C. 70 + 90 : 10 – 39 = 40 | D. 81 : 9 : 3 = 3
455,true,3,Trắc nghiệm Bảng chia 9,https://vietjack.com/toan-3-cd/trac-nghiem-bang-chia-9.jsp,4,95,"Chủ đề 1: Bảng nhân, bảng chia",9. Gấp một số lên một số lần,92,ambiguous_match,D,9 lít dầu chia đều vào 9 can. Hỏi mỗi can có bao nhiêu lít dầu?,A. 4 lít | B. 3 lít | C. 2 lít | D. 1 lít
456,true,3,Trắc nghiệm Bảng chia 9,https://vietjack.com/toan-3-cd/trac-nghiem-bang-chia-9.jsp,5,95,"Chủ đề 1: Bảng nhân, bảng chia",9. Gấp một số lên một số lần,92,ambiguous_match,C,Phép tính chia thích hợp để số hộp bóng là,A. 5 × 9 = 45 | B. 9 × 5 = 45 | C. 45 : 9 = 5 | D. 45 : 5 = 9
457,true,3,Trắc nghiệm Bảng chia 9,https://vietjack.com/toan-3-cd/trac-nghiem-bang-chia-9.jsp,6,95,"Chủ đề 1: Bảng nhân, bảng chia",9. Gấp một số lên một số lần,92,ambiguous_match,C,"Có 63 lít nước. Sau 1 ngày sử dụng, số nước giảm đi 9 lần. Hỏi còn lại bao nhiêu lít nước?",A. 5 lít | B. 6 lít | C. 7 lít | D. 8 lít
458,true,3,Trắc nghiệm Bảng chia 9,https://vietjack.com/toan-3-cd/trac-nghiem-bang-chia-9.jsp,7,95,"Chủ đề 1: Bảng nhân, bảng chia",9. Gấp một số lên một số lần,92,ambiguous_match,B,"Tìm x , biết: x + 54 : 9 = 96",A. 90 | B. 80 | C. 75 | D. 70
368,true,3,Trắc nghiệm Bảng chia 9,https://vietjack.com/toan-3-cd/trac-nghiem-bang-chia-9.jsp,8,95,"Chủ đề 1: Bảng nhân, bảng chia",9. Gấp một số lên một số lần,92,ambiguous_match,C,Điền số thích hợp vào ô trống,A. 6; 10 | B. 7; 28 | C. 4; 8 | D. 9; 5
491,true,3,Trắc nghiệm Nhân với số có một chữ số (không nhớ),https://vietjack.com/toan-3-cd/trac-nghiem-nhan-voi-so-co-mot-chu-so-khong-nho.jsp,1,111,"Chủ đề 2: Nhân, chia các số trong phạm vi 1 000",2. Nhân với số có một chữ số (không nhớ),92,ambiguous_match,B,Tổng nào sau đây có thể viết thành phép toán 13 × 3?,A. 13 + 13 | B. 13 + 13 + 13 | C. 13 + 3 | D. 13 + 13 + 3
492,true,3,Trắc nghiệm Nhân với số có một chữ số (không nhớ),https://vietjack.com/toan-3-cd/trac-nghiem-nhan-voi-so-co-mot-chu-so-khong-nho.jsp,2,111,"Chủ đề 2: Nhân, chia các số trong phạm vi 1 000",2. Nhân với số có một chữ số (không nhớ),92,ambiguous_match,A,"Tìm một số, biết rằng lấy số đó cộng với tích của 24 và 2 thì được kết quả là 95.",A. 47 | B. 48 | C. 49 | D. 50
493,true,3,Trắc nghiệm Nhân với số có một chữ số (không nhớ),https://vietjack.com/toan-3-cd/trac-nghiem-nhan-voi-so-co-mot-chu-so-khong-nho.jsp,3,111,"Chủ đề 2: Nhân, chia các số trong phạm vi 1 000",2. Nhân với số có một chữ số (không nhớ),92,ambiguous_match,D,Giá trị của biểu thức 34 × 2 là:,A. 65 | B. 66 | C. 67 | D. 68
494,true,3,Trắc nghiệm Nhân với số có một chữ số (không nhớ),https://vietjack.com/toan-3-cd/trac-nghiem-nhan-voi-so-co-mot-chu-so-khong-nho.jsp,4,111,"Chủ đề 2: Nhân, chia các số trong phạm vi 1 000",2. Nhân với số có một chữ số (không nhớ),92,ambiguous_match,B,Điền số thích hợp vào ô trống: Một giỏ có 23 quả trứng. 3 giỏ có □ quả trứng.,A. 68 quả trứng | B. 69 quả trứng | C. 70 quả trứng | D. 71 quả trứng
495,true,3,Trắc nghiệm Nhân với số có một chữ số (không nhớ),https://vietjack.com/toan-3-cd/trac-nghiem-nhan-voi-so-co-mot-chu-so-khong-nho.jsp,5,111,"Chủ đề 2: Nhân, chia các số trong phạm vi 1 000",2. Nhân với số có một chữ số (không nhớ),92,ambiguous_match,A,Giá trị của biểu thức 16 + 2 × 34 là,A. 84 | B. 85 | C. 86 | D. 87
496,true,3,Trắc nghiệm Nhân với số có một chữ số (không nhớ),https://vietjack.com/toan-3-cd/trac-nghiem-nhan-voi-so-co-mot-chu-so-khong-nho.jsp,6,111,"Chủ đề 2: Nhân, chia các số trong phạm vi 1 000",2. Nhân với số có một chữ số (không nhớ),92,ambiguous_match,D,Phép tính nào dưới đây có kết quả bằng 64?,A. 17 × 4 | B. 26 × 2 | C. 13 × 8 | D. 16 × 4
497,true,3,Trắc nghiệm Nhân với số có một chữ số (không nhớ),https://vietjack.com/toan-3-cd/trac-nghiem-nhan-voi-so-co-mot-chu-so-khong-nho.jsp,7,111,"Chủ đề 2: Nhân, chia các số trong phạm vi 1 000",2. Nhân với số có một chữ số (không nhớ),92,ambiguous_match,C,Đoạn thẳng AB dài 16 cm. Đoạn thẳng CD dài gấp 5 lần đoạn thẳng AB. Độ dài đoạn thẳng AB là:,A. 70 cm | B. 75 cm | C. 80 cm | D. 85 cm
498,true,3,Trắc nghiệm Nhân với số có một chữ số (không nhớ),https://vietjack.com/toan-3-cd/trac-nghiem-nhan-voi-so-co-mot-chu-so-khong-nho.jsp,8,111,"Chủ đề 2: Nhân, chia các số trong phạm vi 1 000",2. Nhân với số có một chữ số (không nhớ),92,ambiguous_match,B,"Tìm một số, biết rằng khi lấy số đó trừ đi 4, được bao nhiêu nhân với 4 ta được kết quả bằng 60.",A. 18 | B. 19 | C. 20 | D. 21
507,true,3,"Trắc nghiệm Chia số tròn trục, tròn trăm cho số có một chữ số",https://vietjack.com/toan-3-cd/trac-nghiem-chia-so-tron-chuc-tron-tram-cho-so-co-mot-chu-so.jsp,1,113,"Chủ đề 2: Nhân, chia các số trong phạm vi 1 000","5. Chia số tròn chục, tròn trăm cho số có một chữ số",64,low_score,D,Điền số thích hợp vào ô trống:,A. 30 | B. 10 | C. 300 | D. 100
508,true,3,"Trắc nghiệm Chia số tròn trục, tròn trăm cho số có một chữ số",https://vietjack.com/toan-3-cd/trac-nghiem-chia-so-tron-chuc-tron-tram-cho-so-co-mot-chu-so.jsp,2,113,"Chủ đề 2: Nhân, chia các số trong phạm vi 1 000","5. Chia số tròn chục, tròn trăm cho số có một chữ số",64,low_score,A,Phép chia thích hợp với hình vẽ là:,A. 60 : 3 = 20 | B. 60 : 2 = 30 | C. 600 : 3 = 200 | D. 600 : 2 = 300
509,true,3,"Trắc nghiệm Chia số tròn trục, tròn trăm cho số có một chữ số",https://vietjack.com/toan-3-cd/trac-nghiem-chia-so-tron-chuc-tron-tram-cho-so-co-mot-chu-so.jsp,3,113,"Chủ đề 2: Nhân, chia các số trong phạm vi 1 000","5. Chia số tròn chục, tròn trăm cho số có một chữ số",64,low_score,C,Phép tính nào dưới đây có kết quả bằng 200?,A. 800 : 2 | B. 900 : 3 | C. 600 : 3 | D. 500 : 5
510,true,3,"Trắc nghiệm Chia số tròn trục, tròn trăm cho số có một chữ số",https://vietjack.com/toan-3-cd/trac-nghiem-chia-so-tron-chuc-tron-tram-cho-so-co-mot-chu-so.jsp,4,113,"Chủ đề 2: Nhân, chia các số trong phạm vi 1 000","5. Chia số tròn chục, tròn trăm cho số có một chữ số",64,low_score,D,Bác nông dân thu hoạch được 50 quả bí ngô. Bác cần xếp đều vào 5 thùng. Hỏi mỗi thùng có bao nhiêu quả bí ngô?,A. 7 quả bí ngô | B. 8 quả bí ngô | C. 9 quả bí ngô | D. 10 quả bí ngô
511,true,3,"Trắc nghiệm Chia số tròn trục, tròn trăm cho số có một chữ số",https://vietjack.com/toan-3-cd/trac-nghiem-chia-so-tron-chuc-tron-tram-cho-so-co-mot-chu-so.jsp,5,113,"Chủ đề 2: Nhân, chia các số trong phạm vi 1 000","5. Chia số tròn chục, tròn trăm cho số có một chữ số",64,low_score,A,Phép chia nào có cùng kết quả với phép chia 80 : 4?,A. 100 : 5 | B. 200 : 2 | C. 800 : 2 | D. 400 : 4
512,true,3,"Trắc nghiệm Chia số tròn trục, tròn trăm cho số có một chữ số",https://vietjack.com/toan-3-cd/trac-nghiem-chia-so-tron-chuc-tron-tram-cho-so-co-mot-chu-so.jsp,6,113,"Chủ đề 2: Nhân, chia các số trong phạm vi 1 000","5. Chia số tròn chục, tròn trăm cho số có một chữ số",64,low_score,D,Biết: x × 5 = 400. Giá trị của x là:,A. 50 | B. 60 | C. 70 | D. 80
513,true,3,"Trắc nghiệm Chia số tròn trục, tròn trăm cho số có một chữ số",https://vietjack.com/toan-3-cd/trac-nghiem-chia-so-tron-chuc-tron-tram-cho-so-co-mot-chu-so.jsp,7,113,"Chủ đề 2: Nhân, chia các số trong phạm vi 1 000","5. Chia số tròn chục, tròn trăm cho số có một chữ số",64,low_score,A,Điền số thích hợp vào ô trống: 2 × ? + ? = 43,A. 20; 3 | B. 3; 20 | C. 20; 4 | D. 4; 20
514,true,3,"Trắc nghiệm Chia số tròn trục, tròn trăm cho số có một chữ số",https://vietjack.com/toan-3-cd/trac-nghiem-chia-so-tron-chuc-tron-tram-cho-so-co-mot-chu-so.jsp,8,113,"Chủ đề 2: Nhân, chia các số trong phạm vi 1 000","5. Chia số tròn chục, tròn trăm cho số có một chữ số",64,low_score,B,Một cửa hàng có 100 kg gạo được chia làm 5 túi. Hỏi mỗi túi nặng bao nhiêu ki – lô – gam gạo?,A. 10 kg | B. 20 kg | C. 50 kg | D. 70 kg
515,true,3,Trắc nghiệm Chia cho số có một chữ số,https://vietjack.com/toan-3-cd/trac-nghiem-chia-cho-so-co-mot-chu-so.jsp,1,114,"Chủ đề 2: Nhân, chia các số trong phạm vi 1 000",6. Chia cho số có một chữ số,92,ambiguous_match,B,Kết quả của phép chia 69 : 3 là:,A. 23 | B. 32 | C. 26 | D. 36
516,true,3,Trắc nghiệm Chia cho số có một chữ số,https://vietjack.com/toan-3-cd/trac-nghiem-chia-cho-so-co-mot-chu-so.jsp,2,114,"Chủ đề 2: Nhân, chia các số trong phạm vi 1 000",6. Chia cho số có một chữ số,92,ambiguous_match,C,Biết: x × 2 = 54 + 10. Giá trị của x là,A. 30 | B. 31 | C. 32 | D. 33
517,true,3,Trắc nghiệm Chia cho số có một chữ số,https://vietjack.com/toan-3-cd/trac-nghiem-chia-cho-so-co-mot-chu-so.jsp,3,114,"Chủ đề 2: Nhân, chia các số trong phạm vi 1 000",6. Chia cho số có một chữ số,92,ambiguous_match,B,So sánh kết quả của hai phép tính sau: 55 : 5 và 48 : 4,A. > | B. < | C. = | D. Không so sánh được
518,true,3,Trắc nghiệm Chia cho số có một chữ số,https://vietjack.com/toan-3-cd/trac-nghiem-chia-cho-so-co-mot-chu-so.jsp,4,114,"Chủ đề 2: Nhân, chia các số trong phạm vi 1 000",6. Chia cho số có một chữ số,92,ambiguous_match,B,Phép tính nào sau đây không đúng?,A. 28 : 2 = 14 | B. 88 : 2 = 22 | C. 44 : 4 = 11 | D. 46 : 2 = 23
519,true,3,Trắc nghiệm Chia cho số có một chữ số,https://vietjack.com/toan-3-cd/trac-nghiem-chia-cho-so-co-mot-chu-so.jsp,5,114,"Chủ đề 2: Nhân, chia các số trong phạm vi 1 000",6. Chia cho số có một chữ số,92,ambiguous_match,A,Phép chia nào có cùng kết quả với phép chia 48 : 4?,A. 50 : 5 | B. 39 : 3 | C. 24 : 2 | D. 77 : 7
520,true,3,Trắc nghiệm Chia cho số có một chữ số,https://vietjack.com/toan-3-cd/trac-nghiem-chia-cho-so-co-mot-chu-so.jsp,6,114,"Chủ đề 2: Nhân, chia các số trong phạm vi 1 000",6. Chia cho số có một chữ số,92,ambiguous_match,D,"Một cửa hàng có 93 thùng dầu. Sau khi bán, số thùng dầu còn lại giảm đi 3 lần so với lúc ban đầu. Hỏi cửa hàng đó đã bán được bao nhiêu thùng dầu?",A. 50 thùng dầu | B. 56 thùng dầu | C. 60 thùng dầu | D. 62 thùng dầu
521,true,3,Trắc nghiệm Chia cho số có một chữ số,https://vietjack.com/toan-3-cd/trac-nghiem-chia-cho-so-co-mot-chu-so.jsp,7,114,"Chủ đề 2: Nhân, chia các số trong phạm vi 1 000",6. Chia cho số có một chữ số,92,ambiguous_match,C,Điền số thíc hợp vào ô trống:,A. 23 | B. 36 | C. 43 | D. 46
522,true,3,Trắc nghiệm Chia cho số có một chữ số,https://vietjack.com/toan-3-cd/trac-nghiem-chia-cho-so-co-mot-chu-so.jsp,8,114,"Chủ đề 2: Nhân, chia các số trong phạm vi 1 000",6. Chia cho số có một chữ số,92,ambiguous_match,C,Có 48 quả bí ngô xếp đều vào 4 rổ. Hỏi mỗi rổ có bao nhiêu quả bí ngô?,A. 10 quả | B. 11 quả | C. 12 quả | D. 13 quả
549,true,3,Trắc nghiệm Tính giá trị biểu thức số,https://vietjack.com/toan-3-cd/trac-nghiem-tinh-gia-tri-cua-bieu-thuc-so.jsp,1,118,"Chủ đề 2: Nhân, chia các số trong phạm vi 1 000",12. Tính giá trị của biểu thức số,60,low_score,B,Giá trị biểu thức 271 + 29 là:,A. 290 | B. 300 | C. 310 | D. 320
550,true,3,Trắc nghiệm Tính giá trị biểu thức số,https://vietjack.com/toan-3-cd/trac-nghiem-tinh-gia-tri-cua-bieu-thuc-so.jsp,2,118,"Chủ đề 2: Nhân, chia các số trong phạm vi 1 000",12. Tính giá trị của biểu thức số,60,low_score,C,Giá trị biểu thức 20 – 4 + 6 là:,A. 10 | B. 20 | C. 22 | D. 23
551,true,3,Trắc nghiệm Tính giá trị biểu thức số,https://vietjack.com/toan-3-cd/trac-nghiem-tinh-gia-tri-cua-bieu-thuc-so.jsp,3,118,"Chủ đề 2: Nhân, chia các số trong phạm vi 1 000",12. Tính giá trị của biểu thức số,60,low_score,D,Tính giá trị biểu thức: 15 : 5 × 3 là,A. 1 | B. 3 | C. 5 | D. 9
552,true,3,Trắc nghiệm Tính giá trị biểu thức số,https://vietjack.com/toan-3-cd/trac-nghiem-tinh-gia-tri-cua-bieu-thuc-so.jsp,4,118,"Chủ đề 2: Nhân, chia các số trong phạm vi 1 000",12. Tính giá trị của biểu thức số,60,low_score,C,Giá trị biểu thức 265 – 82 + 46 là:,A. 209 | B. 219 | C. 229 | D. 239
553,true,3,Trắc nghiệm Tính giá trị biểu thức số,https://vietjack.com/toan-3-cd/trac-nghiem-tinh-gia-tri-cua-bieu-thuc-so.jsp,5,118,"Chủ đề 2: Nhân, chia các số trong phạm vi 1 000",12. Tính giá trị của biểu thức số,60,low_score,B,Biểu thức nào sau đây có giá trị bằng 64? 125 – 82 + 7 40 : 5 × 8 20 + 70 – 60 72 : 8 × 10,A. 125 – 82 + 7 | B. 40 : 5 × 8 | C. 20 + 70 – 60 | D. 72 : 8 × 10
554,true,3,Trắc nghiệm Tính giá trị biểu thức số,https://vietjack.com/toan-3-cd/trac-nghiem-tinh-gia-tri-cua-bieu-thuc-so.jsp,6,118,"Chủ đề 2: Nhân, chia các số trong phạm vi 1 000",12. Tính giá trị của biểu thức số,60,low_score,A,Phát biểu nào sau đây không đúng?,A. Giá trị của biểu thức 3 × 4 : 2 là 4. | B. Giá trị của biểu thức 312 + 284 là 596. | C. Giá trị của biểu thức 21 : 5 × 0 là 0. | D. Giá trị của biểu thức 125 – 26 – 9 là 90.
555,true,3,Trắc nghiệm Tính giá trị biểu thức số,https://vietjack.com/toan-3-cd/trac-nghiem-tinh-gia-tri-cua-bieu-thuc-so.jsp,7,118,"Chủ đề 2: Nhân, chia các số trong phạm vi 1 000",12. Tính giá trị của biểu thức số,60,low_score,C,"Điền dấu (+, – ) thích hợp vào ô trống: 6 4 5 =",A. –; – | B. +; + | C. +; – | D. –; +
556,true,3,Trắc nghiệm Tính giá trị biểu thức số,https://vietjack.com/toan-3-cd/trac-nghiem-tinh-gia-tri-cua-bieu-thuc-so.jsp,8,118,"Chủ đề 2: Nhân, chia các số trong phạm vi 1 000",12. Tính giá trị của biểu thức số,60,low_score,A,Điền dấu (×; : ) thích hợp vào ô trống 12 3 = 18,"A. : , × | B. × ; × | C. × ; : | D. : , :"
557,true,3,Trắc nghiệm Tính giá trị biểu thức số (tiếp theo) (trang 91),https://vietjack.com/toan-3-cd/trac-nghiem-tinh-gia-tri-cua-bieu-thuc-so-tiep-theo-trang-91.jsp,1,119,"Chủ đề 2: Nhân, chia các số trong phạm vi 1 000",13. Tính giá trị của biểu thức số (tiếp theo),64,low_score|ambiguous_match,A,Giá trị biểu thức 7 + 43 × 2 là,A. 93 | B. 100 | C. 103 | D. 90
558,true,3,Trắc nghiệm Tính giá trị biểu thức số (tiếp theo) (trang 91),https://vietjack.com/toan-3-cd/trac-nghiem-tinh-gia-tri-cua-bieu-thuc-so-tiep-theo-trang-91.jsp,2,119,"Chủ đề 2: Nhân, chia các số trong phạm vi 1 000",13. Tính giá trị của biểu thức số (tiếp theo),64,low_score|ambiguous_match,D,Biểu thức nào dưới đây có giá trị bằng 55?,A. 15 + 10 × 9 | B. 100 : 4 + 25 | C. 70 + 10 × 3 | D. 98 + 2 – 45
559,true,3,Trắc nghiệm Tính giá trị biểu thức số (tiếp theo) (trang 91),https://vietjack.com/toan-3-cd/trac-nghiem-tinh-gia-tri-cua-bieu-thuc-so-tiep-theo-trang-91.jsp,3,119,"Chủ đề 2: Nhân, chia các số trong phạm vi 1 000",13. Tính giá trị của biểu thức số (tiếp theo),64,low_score|ambiguous_match,C,Tính giá trị biểu thức 10 + 8 : 2,A. 9 | B. 10 | C. 14 | D. 16
560,true,3,Trắc nghiệm Tính giá trị biểu thức số (tiếp theo) (trang 91),https://vietjack.com/toan-3-cd/trac-nghiem-tinh-gia-tri-cua-bieu-thuc-so-tiep-theo-trang-91.jsp,4,119,"Chủ đề 2: Nhân, chia các số trong phạm vi 1 000",13. Tính giá trị của biểu thức số (tiếp theo),64,low_score|ambiguous_match,A,Chọn câu đúng.,A. 50 + 50 × 4 = 250 | B. 60 – 7 × 3 = 40 | C. 13 × 3 – 6 = 20 | D. 300 – 200 : 4 = 100
561,true,3,Trắc nghiệm Tính giá trị biểu thức số (tiếp theo) (trang 91),https://vietjack.com/toan-3-cd/trac-nghiem-tinh-gia-tri-cua-bieu-thuc-so-tiep-theo-trang-91.jsp,5,119,"Chủ đề 2: Nhân, chia các số trong phạm vi 1 000",13. Tính giá trị của biểu thức số (tiếp theo),64,low_score|ambiguous_match,D,Giá trị biểu thức “Tích của 7 và 8 rồi cộng thêm 4” là:,A. 50 | B. 54 | C. 56 | D. 60
562,true,3,Trắc nghiệm Tính giá trị biểu thức số (tiếp theo) (trang 91),https://vietjack.com/toan-3-cd/trac-nghiem-tinh-gia-tri-cua-bieu-thuc-so-tiep-theo-trang-91.jsp,6,119,"Chủ đề 2: Nhân, chia các số trong phạm vi 1 000",13. Tính giá trị của biểu thức số (tiếp theo),64,low_score|ambiguous_match,B,"Một thùng màu xanh đựng được 4 lít nước, một thùng màu đỏ đựng được 5 lít nước. Hỏi 5 thùng màu xanh và 4 thùng màu đỏ đựng được bao nhiêu lít nước?",A. 20 lít | B. 40 lít | C. 30 lít | D. 50 lít
563,true,3,Trắc nghiệm Tính giá trị biểu thức số (tiếp theo) (trang 91),https://vietjack.com/toan-3-cd/trac-nghiem-tinh-gia-tri-cua-bieu-thuc-so-tiep-theo-trang-91.jsp,7,119,"Chủ đề 2: Nhân, chia các số trong phạm vi 1 000",13. Tính giá trị của biểu thức số (tiếp theo),64,low_score|ambiguous_match,C,Điền dấu phép tính thích hợp vào ô trống: 64 □ 4 □ 2 = 66,"A. + , - | B. - , + | C. +, : | D. - , x"
564,true,3,Trắc nghiệm Tính giá trị biểu thức số (tiếp theo) (trang 91),https://vietjack.com/toan-3-cd/trac-nghiem-tinh-gia-tri-cua-bieu-thuc-so-tiep-theo-trang-91.jsp,8,119,"Chủ đề 2: Nhân, chia các số trong phạm vi 1 000",13. Tính giá trị của biểu thức số (tiếp theo),64,low_score|ambiguous_match,B,Biểu thức nào dưới đây có cùng giá trị với biểu thức 303 - 6 : 2?,A. 63 – 10 x 3 | B. 500 – 10 x 2 | C. 962 – 50 : 5 | D. 377 + 12 : 4
565,true,3,Trắc nghiệm Tính giá trị biểu thức số (tiếp theo) (trang 93),https://vietjack.com/toan-3-cd/trac-nghiem-tinh-gia-tri-cua-bieu-thuc-so-tiep-theo-trang-93.jsp,1,119,"Chủ đề 2: Nhân, chia các số trong phạm vi 1 000",13. Tính giá trị của biểu thức số (tiếp theo),64,low_score|ambiguous_match,D,Tính giá trị biểu thức 99 × 8 × 7 × (6 – 5 − 1),A. 65 | B. 5544 | C. 5000 | D. 0
566,true,3,Trắc nghiệm Tính giá trị biểu thức số (tiếp theo) (trang 93),https://vietjack.com/toan-3-cd/trac-nghiem-tinh-gia-tri-cua-bieu-thuc-so-tiep-theo-trang-93.jsp,2,119,"Chủ đề 2: Nhân, chia các số trong phạm vi 1 000",13. Tính giá trị của biểu thức số (tiếp theo),64,low_score|ambiguous_match,A,Giá trị biểu thức 86 – (50 – 10) : 2 là,A. 66 | B. 3 | C. 13 | D. 23
567,true,3,Trắc nghiệm Tính giá trị biểu thức số (tiếp theo) (trang 93),https://vietjack.com/toan-3-cd/trac-nghiem-tinh-gia-tri-cua-bieu-thuc-so-tiep-theo-trang-93.jsp,3,119,"Chủ đề 2: Nhân, chia các số trong phạm vi 1 000",13. Tính giá trị của biểu thức số (tiếp theo),64,low_score|ambiguous_match,A,Tính giá trị biểu thức sau: (366 + 93) : 3,A. 153 | B. 165 | C. 183 | D. 397
568,true,3,Trắc nghiệm Tính giá trị biểu thức số (tiếp theo) (trang 93),https://vietjack.com/toan-3-cd/trac-nghiem-tinh-gia-tri-cua-bieu-thuc-so-tiep-theo-trang-93.jsp,4,119,"Chủ đề 2: Nhân, chia các số trong phạm vi 1 000",13. Tính giá trị của biểu thức số (tiếp theo),64,low_score|ambiguous_match,D,Cho biểu thức 478 – ( 214 + 8 : 2) . Thứ tự thực hiện các phép tính trong biểu thức trên là:,"A. cộng, chia, trừ | B. trừ, chia, cộng | C. cộng, trừ, chia | D. chia, cộng, trừ"
569,true,3,Trắc nghiệm Tính giá trị biểu thức số (tiếp theo) (trang 93),https://vietjack.com/toan-3-cd/trac-nghiem-tinh-gia-tri-cua-bieu-thuc-so-tiep-theo-trang-93.jsp,5,119,"Chủ đề 2: Nhân, chia các số trong phạm vi 1 000",13. Tính giá trị của biểu thức số (tiếp theo),64,low_score|ambiguous_match,B,Mẹ có 10 cái kẹo và 14 cái bánh. Mẹ chia đều số bánh và số kẹo cho An và Dũng. Hỏi mỗi bạn được tất cả bao nhiêu cái bánh và kẹo?,A. 11 cái bánh và cái kẹo | B. 12 cái bánh và cái kẹo | C. 13 cái bánh và cái kẹo | D. 14 cái bánh và cái kẹo
570,true,3,Trắc nghiệm Tính giá trị biểu thức số (tiếp theo) (trang 93),https://vietjack.com/toan-3-cd/trac-nghiem-tinh-gia-tri-cua-bieu-thuc-so-tiep-theo-trang-93.jsp,6,119,"Chủ đề 2: Nhân, chia các số trong phạm vi 1 000",13. Tính giá trị của biểu thức số (tiếp theo),64,low_score|ambiguous_match,C,"Có 115 túi đường, mỗi túi có 2kg đường. Người ta bán đi 155kg đường. Hỏi còn lại bao nhiêu ki-lô-gam đường?",A. 89 kg đường | B. 120 kg đường | C. 75 kg đường | D. 100 kg đường
571,true,3,Trắc nghiệm Tính giá trị biểu thức số (tiếp theo) (trang 93),https://vietjack.com/toan-3-cd/trac-nghiem-tinh-gia-tri-cua-bieu-thuc-so-tiep-theo-trang-93.jsp,7,119,"Chủ đề 2: Nhân, chia các số trong phạm vi 1 000",13. Tính giá trị của biểu thức số (tiếp theo),64,low_score|ambiguous_match,B,"Một tấm vải dài 54m, người thợ cắt ra 18m. Số vải còn lại may quần áo mỗi bộ hết 3m. Hỏi người thợ may được bao nhiêu bộ quần áo?",A. 10 bộ quần áo | B. 12 bộ quần áo | C. 14 bộ quần áo | D. 16 bộ quần áo
572,true,3,Trắc nghiệm Tính giá trị biểu thức số (tiếp theo) (trang 93),https://vietjack.com/toan-3-cd/trac-nghiem-tinh-gia-tri-cua-bieu-thuc-so-tiep-theo-trang-93.jsp,8,119,"Chủ đề 2: Nhân, chia các số trong phạm vi 1 000",13. Tính giá trị của biểu thức số (tiếp theo),64,low_score|ambiguous_match,C,Biểu thức nào dưới đây có giá trị bằng 6 (37 – 18) + 17 56 – (35 – 16) 36 : (66 – 60) (6 + 5) × 8,A. (37 – 18) + 17 | B. 56 – (35 – 16) | C. 36 : (66 – 60) | D. (6 + 5) × 8
610,true,3,Trắc nghiệm Hình chữ nhật,https://vietjack.com/toan-3-cd/trac-nghiem-hinh-chu-nhat.jsp,1,126,"Chủ đề 2: Nhân, chia các số trong phạm vi 1 000",21. Hình chữ nhật,92,ambiguous_match,B,Phát biểu nào sau đây không chính xác?,"A. Tứ giác EGHI có 4 đỉnh: Đỉnh E, đỉnh G, đỉnh H, đỉnh I | B. Tứ giác EGHI là hình chữ nhật | C. Góc đỉnh G không phải là góc vuông | D. Góc đỉnh I và góc đỉnh H là góc vuông"
611,true,3,Trắc nghiệm Hình chữ nhật,https://vietjack.com/toan-3-cd/trac-nghiem-hinh-chu-nhat.jsp,3,126,"Chủ đề 2: Nhân, chia các số trong phạm vi 1 000",21. Hình chữ nhật,92,ambiguous_match,A,Cho hình chữ nhật ABCD có MN = 5 cm. Tính độ dài PQ.,A. PQ = 5 cm | B. PQ = 5 m | C. PQ = 3 cm | D. PQ = 3 m
612,true,3,Trắc nghiệm Hình chữ nhật,https://vietjack.com/toan-3-cd/trac-nghiem-hinh-chu-nhat.jsp,4,126,"Chủ đề 2: Nhân, chia các số trong phạm vi 1 000",21. Hình chữ nhật,92,ambiguous_match,C,Có tất cả bao nhiêu hình chữ nhật trong hình vẽ dưới đây:,A. 1 | B. 2 | C. 3 | D. 4
613,true,3,Trắc nghiệm Hình chữ nhật,https://vietjack.com/toan-3-cd/trac-nghiem-hinh-chu-nhat.jsp,5,126,"Chủ đề 2: Nhân, chia các số trong phạm vi 1 000",21. Hình chữ nhật,92,ambiguous_match,D,Cho hình chữ nhật ABCD có chiều rộng là 4m (như hình vẽ). Tính chiều dài hình chữ nhật đó?,A. 4 m | B. 3 m | C. 5 m | D. 6 m
614,true,3,Trắc nghiệm Hình chữ nhật,https://vietjack.com/toan-3-cd/trac-nghiem-hinh-chu-nhat.jsp,6,126,"Chủ đề 2: Nhân, chia các số trong phạm vi 1 000",21. Hình chữ nhật,92,ambiguous_match,A,Cách vẽ nào dưới đây có thể giúp ta vẽ được một hình chữ nhật từ hình vẽ sau:,A. Cách 3 | B. Cách 2 | C. Cách 4 | D. Cách 1
615,true,3,Trắc nghiệm Hình chữ nhật,https://vietjack.com/toan-3-cd/trac-nghiem-hinh-chu-nhat.jsp,7,126,"Chủ đề 2: Nhân, chia các số trong phạm vi 1 000",21. Hình chữ nhật,92,ambiguous_match,B,Có bao nhiêu hình vẽ dưới đây không phải là hình chữ nhật?,A. 5 | B. 3 | C. 2 | D. 1
616,true,3,Trắc nghiệm Hình chữ nhật,https://vietjack.com/toan-3-cd/trac-nghiem-hinh-chu-nhat.jsp,8,126,"Chủ đề 2: Nhân, chia các số trong phạm vi 1 000",21. Hình chữ nhật,92,ambiguous_match,C,Hình chữ nhật ABCD có:,"A. AD và BC là chiều dài | B. AB và CD là chiều rộng | C. 4 đỉnh A, B, C, D vuông góc | D. Chiều dài của hình chữ nhật là BD"
617,true,3,Trắc nghiệm Hình vuông,https://vietjack.com/toan-3-cd/trac-nghiem-hinh-vuong.jsp,1,127,"Chủ đề 2: Nhân, chia các số trong phạm vi 1 000",22. Hình vuông,92,ambiguous_match,D,Hình vuông là hình,"A. Có 4 đỉnh A, B, C, D đều là góc vuông | B. Có 4 cạnh bằng nhau | C. Có 2 cạnh dài và 2 cạnh ngắn | D. Cả A và B đều đúng"
618,true,3,Trắc nghiệm Hình vuông,https://vietjack.com/toan-3-cd/trac-nghiem-hinh-vuong.jsp,3,127,"Chủ đề 2: Nhân, chia các số trong phạm vi 1 000",22. Hình vuông,92,ambiguous_match,C,Cho hình vuông PQRS có PQ = 3 cm. Tính độ dài QR,A. QR = 5 cm | B. QR = 5 m | C. QR = 3 cm | D. QR = 3 m
619,true,3,Trắc nghiệm Hình vuông,https://vietjack.com/toan-3-cd/trac-nghiem-hinh-vuong.jsp,4,127,"Chủ đề 2: Nhân, chia các số trong phạm vi 1 000",22. Hình vuông,92,ambiguous_match,A,Có tất cả bao nhiêu hình vuông trong hình vẽ dưới đây,A. 8 | B. 9 | C. 10 | D. 7
620,true,3,Trắc nghiệm Hình vuông,https://vietjack.com/toan-3-cd/trac-nghiem-hinh-vuong.jsp,5,127,"Chủ đề 2: Nhân, chia các số trong phạm vi 1 000",22. Hình vuông,92,ambiguous_match,B,Cho hình vuông ABCD có độ dài cạnh là 4m (như hình vẽ). Phát biểu nào sau đây không chính xác,"A. AB = BC = CD = DA = 4 cm | B. BD = AC = 4 m | C. Góc đỉnh A, B, C, D là góc vuông | D. Có thể chia ABCD thành các hình vuông nhỏ hơn"
621,true,3,Trắc nghiệm Hình vuông,https://vietjack.com/toan-3-cd/trac-nghiem-hinh-vuong.jsp,6,127,"Chủ đề 2: Nhân, chia các số trong phạm vi 1 000",22. Hình vuông,92,ambiguous_match,D,Cách vẽ nào dưới đây có thể giúp ta vẽ được một hình vuông từ hình vẽ sau:,A. Cách 3 | B. Cách 2 | C. Cách 4 | D. Cách 1
622,true,3,Trắc nghiệm Hình vuông,https://vietjack.com/toan-3-cd/trac-nghiem-hinh-vuong.jsp,7,127,"Chủ đề 2: Nhân, chia các số trong phạm vi 1 000",22. Hình vuông,92,ambiguous_match,A,Có bao nhiêu hình vẽ dưới đây không phải là hình vuông?,A. 1 | B. 2 | C. 3 | D. 4
623,true,3,Trắc nghiệm Hình vuông,https://vietjack.com/toan-3-cd/trac-nghiem-hinh-vuong.jsp,8,127,"Chủ đề 2: Nhân, chia các số trong phạm vi 1 000",22. Hình vuông,92,ambiguous_match,C,Hình vuông ABCD có:,"A. AD và BC là chiều dài | B. AB và CD là chiều rộng | C. 4 đỉnh A, B, C, D vuông góc | D. BD là cạnh hình vuông ABCD"
632,true,3,Trắc nghiệm Các số trong phạm vi 10 000,https://vietjack.com/toan-3-cd/trac-nghiem-cac-so-trong-pham-vi-10-000.jsp,1,129,Chủ đề 3: Các số trong phạm vi 100 000,1. Các số trong phạm vi 10 000,92,ambiguous_match,B,Điền số thích hợp vào dấu?,A. 1 400 | B. 2 400 | C. 140 | D. 240
633,true,3,Trắc nghiệm Các số trong phạm vi 10 000,https://vietjack.com/toan-3-cd/trac-nghiem-cac-so-trong-pham-vi-10-000.jsp,2,129,Chủ đề 3: Các số trong phạm vi 100 000,1. Các số trong phạm vi 10 000,92,ambiguous_match,C,Số Bảy nghìn viết là:,A. 7 | B. 700 | C. 7 000 | D. 70
634,true,3,Trắc nghiệm Các số trong phạm vi 10 000,https://vietjack.com/toan-3-cd/trac-nghiem-cac-so-trong-pham-vi-10-000.jsp,3,129,Chủ đề 3: Các số trong phạm vi 100 000,1. Các số trong phạm vi 10 000,92,ambiguous_match,A,Số 9 000 đọc là:,A. Chín nghìn | B. Chín chục | C. Chín trăm | D. Chín mươi
635,true,3,Trắc nghiệm Các số trong phạm vi 10 000,https://vietjack.com/toan-3-cd/trac-nghiem-cac-so-trong-pham-vi-10-000.jsp,4,129,Chủ đề 3: Các số trong phạm vi 100 000,1. Các số trong phạm vi 10 000,92,ambiguous_match,A,Điền số thích hợp vào ô trống 1 000 2 000 ? 4 000,A. 3 000; 5 000 | B. 2 100; 4 100 | C. 2 001; 4 001 | D. 3 999; 4 001
636,true,3,Trắc nghiệm Các số trong phạm vi 10 000,https://vietjack.com/toan-3-cd/trac-nghiem-cac-so-trong-pham-vi-10-000.jsp,5,129,Chủ đề 3: Các số trong phạm vi 100 000,1. Các số trong phạm vi 10 000,92,ambiguous_match,A,Điền số thích hợp vào ô trống ? 5 100 5 200 5 300,A. 5 000; 5 400 | B. 5 099; 5 301 | C. 5 000; 6 000 | D. 5 050; 5 350
637,true,3,Trắc nghiệm Các số trong phạm vi 10 000,https://vietjack.com/toan-3-cd/trac-nghiem-cac-so-trong-pham-vi-10-000.jsp,6,129,Chủ đề 3: Các số trong phạm vi 100 000,1. Các số trong phạm vi 10 000,92,ambiguous_match,C,Hình dưới thể hiện số nào sau đây:,A. 3 240 | B. 3 423 | C. 3 243 | D. 3 420
638,true,3,Trắc nghiệm Các số trong phạm vi 10 000,https://vietjack.com/toan-3-cd/trac-nghiem-cac-so-trong-pham-vi-10-000.jsp,7,129,Chủ đề 3: Các số trong phạm vi 100 000,1. Các số trong phạm vi 10 000,92,ambiguous_match,A,Số Một nghìn ba trăm linh năm viết là:,A. 1 305 | B. 1 350 | C. 5 013 | D. 3 510
639,true,3,Trắc nghiệm Các số trong phạm vi 10 000,https://vietjack.com/toan-3-cd/trac-nghiem-cac-so-trong-pham-vi-10-000.jsp,8,129,Chủ đề 3: Các số trong phạm vi 100 000,1. Các số trong phạm vi 10 000,92,ambiguous_match,D,Số 2 022 đọc là:,A. Hai nghìn không trăm hai mươi | B. Hai không hai hai | C. Hai trăm hai mươi hai | D. Hai nghìn không trăm hai mươi hai
656,true,3,Trắc nghiệm Các số trong phạm vi 100 000,https://vietjack.com/toan-3-cd/trac-nghiem-cac-so-trong-pham-vi-100-000.jsp,1,129,Chủ đề 3: Các số trong phạm vi 100 000,1. Các số trong phạm vi 10 000,92,ambiguous_match,A,Số 13 000 đọc là:,A. Mười ba nghìn | B. Một nghìn ba trăm | C. Mười ba không không | D. Một trăm ba mươi
657,true,3,Trắc nghiệm Các số trong phạm vi 100 000,https://vietjack.com/toan-3-cd/trac-nghiem-cac-so-trong-pham-vi-100-000.jsp,2,129,Chủ đề 3: Các số trong phạm vi 100 000,1. Các số trong phạm vi 10 000,92,ambiguous_match,C,Số Mười lăm nghìn viết là:,A. 1 500 | B. 15 | C. 15 000 | D. 150
658,true,3,Trắc nghiệm Các số trong phạm vi 100 000,https://vietjack.com/toan-3-cd/trac-nghiem-cac-so-trong-pham-vi-100-000.jsp,3,129,Chủ đề 3: Các số trong phạm vi 100 000,1. Các số trong phạm vi 10 000,92,ambiguous_match,B,Điền số thích hợp vào dấu hỏi chấm,A. 70 000 | B. 50 000 | C. 40 000 | D. 60 000
659,true,3,Trắc nghiệm Các số trong phạm vi 100 000,https://vietjack.com/toan-3-cd/trac-nghiem-cac-so-trong-pham-vi-100-000.jsp,4,129,Chủ đề 3: Các số trong phạm vi 100 000,1. Các số trong phạm vi 10 000,92,ambiguous_match,A,Đọc số sau,A. Hai mươi nghìn | B. Năm mươi nghìn | C. Hai nghìn | D. Hai trăm
660,true,3,Trắc nghiệm Các số trong phạm vi 100 000,https://vietjack.com/toan-3-cd/trac-nghiem-cac-so-trong-pham-vi-100-000.jsp,5,129,Chủ đề 3: Các số trong phạm vi 100 000,1. Các số trong phạm vi 10 000,92,ambiguous_match,C,Đọc số sau 50 277,A. Năm nghìn hai trăm bảy mươi bảy | B. Năm mươi nghìn hai trăm lẻ bảy | C. Năm mươi nghìn hai trăm bảy mươi bảy | D. Năm mươi hai nghìn không trăm linh bảy
661,true,3,Trắc nghiệm Các số trong phạm vi 100 000,https://vietjack.com/toan-3-cd/trac-nghiem-cac-so-trong-pham-vi-100-000.jsp,6,129,Chủ đề 3: Các số trong phạm vi 100 000,1. Các số trong phạm vi 10 000,92,ambiguous_match,A,Điền số thích hợp vào ô trống Chục nghìn Nghìn Trăm Đơn vị Viết số Đọc số 2 8 5 6 4 ? Hai mươi tám nghìn năm trăm sáu mươi tư,A. 28 564 | B. 28 654 | C. 46 582 | D. 25 640
662,true,3,Trắc nghiệm Các số trong phạm vi 100 000,https://vietjack.com/toan-3-cd/trac-nghiem-cac-so-trong-pham-vi-100-000.jsp,7,129,Chủ đề 3: Các số trong phạm vi 100 000,1. Các số trong phạm vi 10 000,92,ambiguous_match,C,Viết số: Mười lăm nghìn ba trăm hai mươi bảy,A. 1527 | B. 15 000 | C. 15 327 | D. 15 300
658,true,3,Trắc nghiệm Các số trong phạm vi 100 000,https://vietjack.com/toan-3-cd/trac-nghiem-cac-so-trong-pham-vi-100-000.jsp,8,129,Chủ đề 3: Các số trong phạm vi 100 000,1. Các số trong phạm vi 10 000,92,ambiguous_match,D,Điền số thích hợp vào dấu hỏi chấm,A. 12 000 | B. 11 600 | C. 11 400 | D. 11 300
751,true,3,Trắc nghiệm Nhân với số có một chữ số (không nhớ),https://vietjack.com/toan-3-cd/trac-nghiem-nhan-voi-so-co-mot-chu-so-khong-nho-trang-59.jsp,1,111,"Chủ đề 2: Nhân, chia các số trong phạm vi 1 000",2. Nhân với số có một chữ số (không nhớ),92,ambiguous_match,A,Kết quả của phép tính 1 424 × 2 là:,A. 2 848 | B. 2 646 | C. 2 648 | D. 2 846
752,true,3,Trắc nghiệm Nhân với số có một chữ số (không nhớ),https://vietjack.com/toan-3-cd/trac-nghiem-nhan-voi-so-co-mot-chu-so-khong-nho-trang-59.jsp,2,111,"Chủ đề 2: Nhân, chia các số trong phạm vi 1 000",2. Nhân với số có một chữ số (không nhớ),92,ambiguous_match,B,Điền số còn thiếu vào ô trống 21 301 × = ?,A. 54 634 | B. 63 903 | C. 55 624 | D. 64 309
753,true,3,Trắc nghiệm Nhân với số có một chữ số (không nhớ),https://vietjack.com/toan-3-cd/trac-nghiem-nhan-voi-so-co-mot-chu-so-khong-nho-trang-59.jsp,3,111,"Chủ đề 2: Nhân, chia các số trong phạm vi 1 000",2. Nhân với số có một chữ số (không nhớ),92,ambiguous_match,B,Phép tính nào dưới đây có kết quả bằng 66 006,A. 2 321 × 2 | B. 11 001 × 6 | C. 4 134 × 2 | D. 20 322 × 3
754,true,3,Trắc nghiệm Nhân với số có một chữ số (không nhớ),https://vietjack.com/toan-3-cd/trac-nghiem-nhan-voi-so-co-mot-chu-so-khong-nho-trang-59.jsp,4,111,"Chủ đề 2: Nhân, chia các số trong phạm vi 1 000",2. Nhân với số có một chữ số (không nhớ),92,ambiguous_match,C,"Điền dấu >, <, = vào ô trống 4 300 × 2 ? 2 120 × 4",A. = | B. < | C. > | D. Không so sánh được
755,true,3,Trắc nghiệm Nhân với số có một chữ số (không nhớ),https://vietjack.com/toan-3-cd/trac-nghiem-nhan-voi-so-co-mot-chu-so-khong-nho-trang-59.jsp,6,111,"Chủ đề 2: Nhân, chia các số trong phạm vi 1 000",2. Nhân với số có một chữ số (không nhớ),92,ambiguous_match,B,Điền số còn thiếu vào ô trống,A. 2 022; 6 066 | B. 2 202; 6 606 | C. 2 002; 6 006 | D. 2 200; 6 600
756,true,3,Trắc nghiệm Nhân với số có một chữ số (không nhớ),https://vietjack.com/toan-3-cd/trac-nghiem-nhan-voi-so-co-mot-chu-so-khong-nho-trang-59.jsp,7,111,"Chủ đề 2: Nhân, chia các số trong phạm vi 1 000",2. Nhân với số có một chữ số (không nhớ),92,ambiguous_match,C,Một trang trại nuôi 2 304 con gà. 2 trang trại như thế nuôi số con gà là: …,A. 4 600 con | B. 4 068 con | C. 4 608 con | D. 4 800 con
757,true,3,Trắc nghiệm Nhân với số có một chữ số (không nhớ),https://vietjack.com/toan-3-cd/trac-nghiem-nhan-voi-so-co-mot-chu-so-khong-nho-trang-59.jsp,8,111,"Chủ đề 2: Nhân, chia các số trong phạm vi 1 000",2. Nhân với số có một chữ số (không nhớ),92,ambiguous_match,D,Mỗi xe ô tô chở 10 000 kg gạo. 7 xe ô tô như thế chở được …… kg gạo?,A. 700 kg | B. 7 000 kg | C. 14 000 kg | D. 70 000 kg
766,true,3,Trắc nghiệm Chia cho số có một chữ số trong phạm vi 100 000,https://vietjack.com/toan-3-cd/trac-nghiem-chia-cho-so-co-mot-chu-so-trong-pham-vi-100-000.jsp,1,146,"Chủ đề 4: Cộng, trừ, nhân, chia trong phạm vi 100 000",8. Chia cho số có một chữ số trong phạm vi 100 000,92,ambiguous_match,A,Điền số còn thiếu vào ô trống 2448 : = ?,A. 1 224 | B. 1 242 | C. 224 | D. 242
767,true,3,Trắc nghiệm Chia cho số có một chữ số trong phạm vi 100 000,https://vietjack.com/toan-3-cd/trac-nghiem-chia-cho-so-co-mot-chu-so-trong-pham-vi-100-000.jsp,2,146,"Chủ đề 4: Cộng, trừ, nhân, chia trong phạm vi 100 000",8. Chia cho số có một chữ số trong phạm vi 100 000,92,ambiguous_match,B,Kết quả của phép tính 36 639 : 3 là:,A. 12 123 | B. 12 213 | C. 31 112 | D. 31 121
768,true,3,Trắc nghiệm Chia cho số có một chữ số trong phạm vi 100 000,https://vietjack.com/toan-3-cd/trac-nghiem-chia-cho-so-co-mot-chu-so-trong-pham-vi-100-000.jsp,3,146,"Chủ đề 4: Cộng, trừ, nhân, chia trong phạm vi 100 000",8. Chia cho số có một chữ số trong phạm vi 100 000,92,ambiguous_match,B,Tìm số dư của phép chia 227 : 2,A. Dư 3 | B. Dư 1 | C. Dư 4 | D. Dư 2
769,true,3,Trắc nghiệm Chia cho số có một chữ số trong phạm vi 100 000,https://vietjack.com/toan-3-cd/trac-nghiem-chia-cho-so-co-mot-chu-so-trong-pham-vi-100-000.jsp,4,146,"Chủ đề 4: Cộng, trừ, nhân, chia trong phạm vi 100 000",8. Chia cho số có một chữ số trong phạm vi 100 000,92,ambiguous_match,C,Điền số thích hợp vào ô trống,A. 4 022; 4 013 | B. 4 023; 2 013 | C. 2 012; 2 013 | D. 2 013; 2 014
770,true,3,Trắc nghiệm Chia cho số có một chữ số trong phạm vi 100 000,https://vietjack.com/toan-3-cd/trac-nghiem-chia-cho-so-co-mot-chu-so-trong-pham-vi-100-000.jsp,5,146,"Chủ đề 4: Cộng, trừ, nhân, chia trong phạm vi 100 000",8. Chia cho số có một chữ số trong phạm vi 100 000,92,ambiguous_match,C,"Tìm một số, biết khi lấy số đó chia cho 3 được thương là 311 và dư 2",A. 930 | B. 933 | C. 935 | D. 937
771,true,3,Trắc nghiệm Chia cho số có một chữ số trong phạm vi 100 000,https://vietjack.com/toan-3-cd/trac-nghiem-chia-cho-so-co-mot-chu-so-trong-pham-vi-100-000.jsp,6,146,"Chủ đề 4: Cộng, trừ, nhân, chia trong phạm vi 100 000",8. Chia cho số có một chữ số trong phạm vi 100 000,92,ambiguous_match,D,Điền số còn thiếu vào ô trống 8 843 : = …. (dư 3),A. 2214 | B. 1110 | C. 2211 | D. 2210
772,true,3,Trắc nghiệm Chia cho số có một chữ số trong phạm vi 100 000,https://vietjack.com/toan-3-cd/trac-nghiem-chia-cho-so-co-mot-chu-so-trong-pham-vi-100-000.jsp,7,146,"Chủ đề 4: Cộng, trừ, nhân, chia trong phạm vi 100 000",8. Chia cho số có một chữ số trong phạm vi 100 000,92,ambiguous_match,A,"Có 960 quyển sách xếp đều vào 3 thùng, mỗi thùng có số quyển sách là:",A. 320 quyển sách | B. 340 quyển sách | C. 230 quyển sách | D. 240 quyển sách
773,true,3,Trắc nghiệm Chia cho số có một chữ số trong phạm vi 100 000,https://vietjack.com/toan-3-cd/trac-nghiem-chia-cho-so-co-mot-chu-so-trong-pham-vi-100-000.jsp,8,146,"Chủ đề 4: Cộng, trừ, nhân, chia trong phạm vi 100 000",8. Chia cho số có một chữ số trong phạm vi 100 000,92,ambiguous_match,B,Một khu vườn hình vuông có chu vi 40 048 cm. Độ dài 1 cạnh của khu vườn là:,A. 1 012 cm | B. 10 012 cm | C. 2 024 cm | D. 20 024 cm
774,true,3,Trắc nghiệm Chia cho số có một chữ số trong phạm vi 100 000 (tiếp theo) (trang 67),https://vietjack.com/toan-3-cd/trac-nghiem-chia-cho-so-co-mot-chu-so-trong-pham-vi-100-000-tiep.jsp,1,147,"Chủ đề 4: Cộng, trừ, nhân, chia trong phạm vi 100 000",9. Chia cho số có một chữ số trong phạm vi 100 000 (tiếp theo),92,ambiguous_match,C,Kết quả của phép tính 762 : 3 là:,A. 186 | B. 263 | C. 254 | D. 162
775,true,3,Trắc nghiệm Chia cho số có một chữ số trong phạm vi 100 000 (tiếp theo) (trang 67),https://vietjack.com/toan-3-cd/trac-nghiem-chia-cho-so-co-mot-chu-so-trong-pham-vi-100-000-tiep.jsp,2,147,"Chủ đề 4: Cộng, trừ, nhân, chia trong phạm vi 100 000",9. Chia cho số có một chữ số trong phạm vi 100 000 (tiếp theo),92,ambiguous_match,A,Điền số còn thiếu vào ô trống 847 : = ?,A. 121 | B. 131 | C. 221 | D. 231
776,true,3,Trắc nghiệm Chia cho số có một chữ số trong phạm vi 100 000 (tiếp theo) (trang 67),https://vietjack.com/toan-3-cd/trac-nghiem-chia-cho-so-co-mot-chu-so-trong-pham-vi-100-000-tiep.jsp,3,147,"Chủ đề 4: Cộng, trừ, nhân, chia trong phạm vi 100 000",9. Chia cho số có một chữ số trong phạm vi 100 000 (tiếp theo),92,ambiguous_match,D,Điền số còn thiếu vào ô trống 32 475 : = ?,A. 17 238 | B. 17 237 | C. 16 238 (dư 1) | D. 16 237 (dư 1)
777,true,3,Trắc nghiệm Chia cho số có một chữ số trong phạm vi 100 000 (tiếp theo) (trang 67),https://vietjack.com/toan-3-cd/trac-nghiem-chia-cho-so-co-mot-chu-so-trong-pham-vi-100-000-tiep.jsp,4,147,"Chủ đề 4: Cộng, trừ, nhân, chia trong phạm vi 100 000",9. Chia cho số có một chữ số trong phạm vi 100 000 (tiếp theo),92,ambiguous_match,D,Phép chia nào dưới đây có thương là 191,A. 426 : 3 | B. 856 : 7 | C. 9 824 : 8 | D. 955 : 5
778,true,3,Trắc nghiệm Chia cho số có một chữ số trong phạm vi 100 000 (tiếp theo) (trang 67),https://vietjack.com/toan-3-cd/trac-nghiem-chia-cho-so-co-mot-chu-so-trong-pham-vi-100-000-tiep.jsp,5,147,"Chủ đề 4: Cộng, trừ, nhân, chia trong phạm vi 100 000",9. Chia cho số có một chữ số trong phạm vi 100 000 (tiếp theo),92,ambiguous_match,B,Phép chia nào dưới đây có số dư là 2?,A. 612 : 4 | B. 515 : 3 | C. 34 245 : 2 | D. 89 697 : 8
779,true,3,Trắc nghiệm Chia cho số có một chữ số trong phạm vi 100 000 (tiếp theo) (trang 67),https://vietjack.com/toan-3-cd/trac-nghiem-chia-cho-so-co-mot-chu-so-trong-pham-vi-100-000-tiep.jsp,6,147,"Chủ đề 4: Cộng, trừ, nhân, chia trong phạm vi 100 000",9. Chia cho số có một chữ số trong phạm vi 100 000 (tiếp theo),92,ambiguous_match,A,Điền số thích hợp vào ô trống Số bị chia 8 195 Số chia 3 Thương ? Số dư ?,A. 2731 (dư 2) | B. 2732 | C. 1372 (dư 1) | D. 1373
780,true,3,Trắc nghiệm Chia cho số có một chữ số trong phạm vi 100 000 (tiếp theo) (trang 67),https://vietjack.com/toan-3-cd/trac-nghiem-chia-cho-so-co-mot-chu-so-trong-pham-vi-100-000-tiep.jsp,7,147,"Chủ đề 4: Cộng, trừ, nhân, chia trong phạm vi 100 000",9. Chia cho số có một chữ số trong phạm vi 100 000 (tiếp theo),92,ambiguous_match,C,"Một đội tình nguyện trong ba ngày thu gom được 4 293 chai nhựa. Hỏi mỗi ngày đội tình nguyện đó thu gom được bao nhiêu chai nhựa, biết số chai nhựa mỗi ngày thu gom được đều như nhau",A. 1430 chai nhựa | B. 1350 chai nhựa | C. 1431 chai nhựa | D. 1520 chai nhựa
781,true,3,Trắc nghiệm Chia cho số có một chữ số trong phạm vi 100 000 (tiếp theo) (trang 67),https://vietjack.com/toan-3-cd/trac-nghiem-chia-cho-so-co-mot-chu-so-trong-pham-vi-100-000-tiep.jsp,8,147,"Chủ đề 4: Cộng, trừ, nhân, chia trong phạm vi 100 000",9. Chia cho số có một chữ số trong phạm vi 100 000 (tiếp theo),92,ambiguous_match,B,Khu vườn nhà bác A trồng 855 cây cà phê. Khu vườn nhà Bác B trồng được số cây cà phê bằng số cây cà phê ở vườn nhà bác A giảm đi 5 lần. Hỏi nhà bác B trồng được bao nhiêu cây cà phê?,A. 270 cây | B. 171 cây | D. 153 cây
782,true,3,Trắc nghiệm Chia cho số có một chữ số trong phạm vi 100 000 (tiếp theo) (trang 71),https://vietjack.com/toan-3-cd/trac-nghiem-chia-cho-so-co-mot-chu-so-trong-pham-vi-100000-tiep.jsp,1,147,"Chủ đề 4: Cộng, trừ, nhân, chia trong phạm vi 100 000",9. Chia cho số có một chữ số trong phạm vi 100 000 (tiếp theo),92,ambiguous_match,A,Kết quả của phép tính 624 : 6 là:,A. 104 | B. 114 | C. 124 | D. 134
783,true,3,Trắc nghiệm Chia cho số có một chữ số trong phạm vi 100 000 (tiếp theo) (trang 71),https://vietjack.com/toan-3-cd/trac-nghiem-chia-cho-so-co-mot-chu-so-trong-pham-vi-100000-tiep.jsp,2,147,"Chủ đề 4: Cộng, trừ, nhân, chia trong phạm vi 100 000",9. Chia cho số có một chữ số trong phạm vi 100 000 (tiếp theo),92,ambiguous_match,B,Số dư của phép chia 2 617 : 2 là,A. 0 | B. 1 | C. 2 | D. 3
784,true,3,Trắc nghiệm Chia cho số có một chữ số trong phạm vi 100 000 (tiếp theo) (trang 71),https://vietjack.com/toan-3-cd/trac-nghiem-chia-cho-so-co-mot-chu-so-trong-pham-vi-100000-tiep.jsp,3,147,"Chủ đề 4: Cộng, trừ, nhân, chia trong phạm vi 100 000",9. Chia cho số có một chữ số trong phạm vi 100 000 (tiếp theo),92,ambiguous_match,D,Điền số còn thiếu vào ô trống 6 318 : 9 = ?,A. 600 | B. 700 | C. 620 | D. 702
785,true,3,Trắc nghiệm Chia cho số có một chữ số trong phạm vi 100 000 (tiếp theo) (trang 71),https://vietjack.com/toan-3-cd/trac-nghiem-chia-cho-so-co-mot-chu-so-trong-pham-vi-100000-tiep.jsp,4,147,"Chủ đề 4: Cộng, trừ, nhân, chia trong phạm vi 100 000",9. Chia cho số có một chữ số trong phạm vi 100 000 (tiếp theo),92,ambiguous_match,D,Điền số còn thiếu vào ô trống 45 305 : ? =,A. 8 054 | B. 854 | C. 961 | D. 9 061
786,true,3,Trắc nghiệm Chia cho số có một chữ số trong phạm vi 100 000 (tiếp theo) (trang 71),https://vietjack.com/toan-3-cd/trac-nghiem-chia-cho-so-co-mot-chu-so-trong-pham-vi-100000-tiep.jsp,5,147,"Chủ đề 4: Cộng, trừ, nhân, chia trong phạm vi 100 000",9. Chia cho số có một chữ số trong phạm vi 100 000 (tiếp theo),92,ambiguous_match,C,"Tìm y, biết 192 : y = 6",A. 12 | B. 22 | C. 32 | D. 34
787,true,3,Trắc nghiệm Chia cho số có một chữ số trong phạm vi 100 000 (tiếp theo) (trang 71),https://vietjack.com/toan-3-cd/trac-nghiem-chia-cho-so-co-mot-chu-so-trong-pham-vi-100000-tiep.jsp,6,147,"Chủ đề 4: Cộng, trừ, nhân, chia trong phạm vi 100 000",9. Chia cho số có một chữ số trong phạm vi 100 000 (tiếp theo),92,ambiguous_match,A,Có 1 218 lít nước mắm chia đều vào 6 can. Hỏi mỗi can đựng bao nhiêu lít nước mắm?,A. 203 lít | B. 23 lít | C. 302 lít | D. 32 lít
788,true,3,Trắc nghiệm Chia cho số có một chữ số trong phạm vi 100 000 (tiếp theo) (trang 71),https://vietjack.com/toan-3-cd/trac-nghiem-chia-cho-so-co-mot-chu-so-trong-pham-vi-100000-tiep.jsp,7,147,"Chủ đề 4: Cộng, trừ, nhân, chia trong phạm vi 100 000",9. Chia cho số có một chữ số trong phạm vi 100 000 (tiếp theo),92,ambiguous_match,D,Giá trị của biếu thức: 1624 : 4 – 400 là:,A. 47 | B. 52 | C. 38 | D. 6
789,true,3,Trắc nghiệm Chia cho số có một chữ số trong phạm vi 100 000 (tiếp theo) (trang 71),https://vietjack.com/toan-3-cd/trac-nghiem-chia-cho-so-co-mot-chu-so-trong-pham-vi-100000-tiep.jsp,8,147,"Chủ đề 4: Cộng, trừ, nhân, chia trong phạm vi 100 000",9. Chia cho số có một chữ số trong phạm vi 100 000 (tiếp theo),92,ambiguous_match,B,Một cuộn dây dài 163 m được chia thành 3 đoạn bằng nhau. Hỏi mỗi đoạn dài bao nhiêu mét và còn thừa bao nhiêu mét dây?,"A. 10 mét, thừa 1 mét | B. 54 mét, thừa 1 mét | C. 48 mét, thừa 2 mét | D. 36 mét, thừa 2 mét"
790,true,3,Trắc nghiệm Tìm thành phần chưa biết của phép tính,https://vietjack.com/toan-3-cd/trac-nghiem-tim-thanh-phan-chua-biet-cua-phep-tinh.jsp,1,149,"Chủ đề 4: Cộng, trừ, nhân, chia trong phạm vi 100 000",14. Tìm thành phần chưa biết của phép tính,92,ambiguous_match,D,Điền số còn thiếu vào ô trống để hoàn thành phép tính,A. 120 | B. 220 | C. 1 200 | D. 2 200
791,true,3,Trắc nghiệm Tìm thành phần chưa biết của phép tính,https://vietjack.com/toan-3-cd/trac-nghiem-tim-thanh-phan-chua-biet-cua-phep-tinh.jsp,2,149,"Chủ đề 4: Cộng, trừ, nhân, chia trong phạm vi 100 000",14. Tìm thành phần chưa biết của phép tính,92,ambiguous_match,B,Điền số thích hợp vào ô trống Số hạng ? Số hạng 75 Tổng 100,A. 15 | B. 25 | C. 35 | D. 30
792,true,3,Trắc nghiệm Tìm thành phần chưa biết của phép tính,https://vietjack.com/toan-3-cd/trac-nghiem-tim-thanh-phan-chua-biet-cua-phep-tinh.jsp,3,149,"Chủ đề 4: Cộng, trừ, nhân, chia trong phạm vi 100 000",14. Tìm thành phần chưa biết của phép tính,92,ambiguous_match,B,Điền số thích hợp vào ô trống,A. 404 | B. 414 | C. 304 | D. 314
793,true,3,Trắc nghiệm Tìm thành phần chưa biết của phép tính,https://vietjack.com/toan-3-cd/trac-nghiem-tim-thanh-phan-chua-biet-cua-phep-tinh.jsp,4,149,"Chủ đề 4: Cộng, trừ, nhân, chia trong phạm vi 100 000",14. Tìm thành phần chưa biết của phép tính,92,ambiguous_match,A,Cửa hàng có một số mét vải. Sau khi bán đi 32 mét vải thì cửa hàng còn lại 56 mét vải. Hỏi ban đầu cửa hàng có bao nhiêu mét vải?,A. 88 mét | B. 78 mét | C. 24 mét | D. 34 mét
794,true,3,Trắc nghiệm Tìm thành phần chưa biết của phép tính,https://vietjack.com/toan-3-cd/trac-nghiem-tim-thanh-phan-chua-biet-cua-phep-tinh.jsp,5,149,"Chủ đề 4: Cộng, trừ, nhân, chia trong phạm vi 100 000",14. Tìm thành phần chưa biết của phép tính,92,ambiguous_match,C,Điền số còn thiếu vào ô trống Số bị trừ 20 000 Số trừ ? Hiệu 15 000,A. 50 | B. 500 | C. 5 000 | D. 35 000
792,true,3,Trắc nghiệm Tìm thành phần chưa biết của phép tính,https://vietjack.com/toan-3-cd/trac-nghiem-tim-thanh-phan-chua-biet-cua-phep-tinh.jsp,6,149,"Chủ đề 4: Cộng, trừ, nhân, chia trong phạm vi 100 000",14. Tìm thành phần chưa biết của phép tính,92,ambiguous_match,C,Điền số thích hợp vào ô trống,A. 146; 23 | B. 146; 33 | C. 164; 33 | D. 164; 23
795,true,3,Trắc nghiệm Tìm thành phần chưa biết của phép tính,https://vietjack.com/toan-3-cd/trac-nghiem-tim-thanh-phan-chua-biet-cua-phep-tinh.jsp,7,149,"Chủ đề 4: Cộng, trừ, nhân, chia trong phạm vi 100 000",14. Tìm thành phần chưa biết của phép tính,92,ambiguous_match,B,"Cả hai thửa ruộng thu hoạch được 7 256 kg thóc, biết thửa ruộng thứ hai thu hoạch được 3 948 kg thóc. Hỏi thửa ruộng thứ nhất thu hoạch được bao nhiêu ki – lô – gam thóc?",A. 3 318 kg | B. 3 308 kg | C. 4 318 kg | D. 4 308 kg
796,true,3,Trắc nghiệm Tìm thành phần chưa biết của phép tính,https://vietjack.com/toan-3-cd/trac-nghiem-tim-thanh-phan-chua-biet-cua-phep-tinh.jsp,8,149,"Chủ đề 4: Cộng, trừ, nhân, chia trong phạm vi 100 000",14. Tìm thành phần chưa biết của phép tính,92,ambiguous_match,A,"Tìm một số, biết rằng nếu lấy số đó cộng với 20, được bao nhiêu cộng với 50 thì được kết quả là 100",A. 30 | B. 40 | C. 50 | D. 70
851,true,3,Trắc nghiệm Ôn tập về số và phép tính trong phạm vi 100 000 (tiếp theo),https://vietjack.com/toan-3-cd/trac-nghiem-on-tap-ve-so-va-phep-tinh-trong-pham-vi-100-000-tiep.jsp,1,133,Chủ đề 3: Các số trong phạm vi 100 000,5. Các số trong phạm vi 100 000 (tiếp theo),49,low_score,B,Kết quả của phép tính 520 + 4 236 là:,A. 9 436 | B. 4 756 | C. 4 656 | D. 4 746
852,true,3,Trắc nghiệm Ôn tập về số và phép tính trong phạm vi 100 000 (tiếp theo),https://vietjack.com/toan-3-cd/trac-nghiem-on-tap-ve-so-va-phep-tinh-trong-pham-vi-100-000-tiep.jsp,2,133,Chủ đề 3: Các số trong phạm vi 100 000,5. Các số trong phạm vi 100 000 (tiếp theo),49,low_score,C,Kết quả của phép tính 54 927 – 4 356 là,A. 50 581 | B. 50 671 | C. 50 571 | D. 50 681
853,true,3,Trắc nghiệm Ôn tập về số và phép tính trong phạm vi 100 000 (tiếp theo),https://vietjack.com/toan-3-cd/trac-nghiem-on-tap-ve-so-va-phep-tinh-trong-pham-vi-100-000-tiep.jsp,3,133,Chủ đề 3: Các số trong phạm vi 100 000,5. Các số trong phạm vi 100 000 (tiếp theo),49,low_score,B,Phép tính nào dưới đây có kết quả bằng 20 000,A. 30 000 + 50 000 | B. 80 000 : 4 | C. 65 000 – 5 000 | D. 17 000 × 2
854,true,3,Trắc nghiệm Ôn tập về số và phép tính trong phạm vi 100 000 (tiếp theo),https://vietjack.com/toan-3-cd/trac-nghiem-on-tap-ve-so-va-phep-tinh-trong-pham-vi-100-000-tiep.jsp,4,133,Chủ đề 3: Các số trong phạm vi 100 000,5. Các số trong phạm vi 100 000 (tiếp theo),49,low_score,B,Phép tính nào dưới đây có kết quả bé nhất 1 208 × 4 12 600 : 9 2 240 × 2 7 288 : 4,A. 1 208 × 4 | B. 12 600 : 9 | C. 2 240 × 2 | D. 18 111 : 3
855,true,3,Trắc nghiệm Ôn tập về số và phép tính trong phạm vi 100 000 (tiếp theo),https://vietjack.com/toan-3-cd/trac-nghiem-on-tap-ve-so-va-phep-tinh-trong-pham-vi-100-000-tiep.jsp,5,133,Chủ đề 3: Các số trong phạm vi 100 000,5. Các số trong phạm vi 100 000 (tiếp theo),49,low_score,D,Giá trị của biểu thức (100 000 – 20 000) × 0 là:,A. 1 | B. 10 000 | C. 80 000 | D. 0
856,true,3,Trắc nghiệm Ôn tập về số và phép tính trong phạm vi 100 000 (tiếp theo),https://vietjack.com/toan-3-cd/trac-nghiem-on-tap-ve-so-va-phep-tinh-trong-pham-vi-100-000-tiep.jsp,6,133,Chủ đề 3: Các số trong phạm vi 100 000,5. Các số trong phạm vi 100 000 (tiếp theo),49,low_score,D,Trang trại thứ nhất trồng 15 268 cây xanh; Trang trại thứ hai trồng ít hơn trang trại thứ nhất 562 cây. Hỏi cả hai trang trại trồng được tất cả bao nhiêu cây xanh?,A. 14 706 cây | B. 15 706 cây | C. 29 964 cây | D. 29 974 cây
857,true,3,Trắc nghiệm Ôn tập về số và phép tính trong phạm vi 100 000 (tiếp theo),https://vietjack.com/toan-3-cd/trac-nghiem-on-tap-ve-so-va-phep-tinh-trong-pham-vi-100-000-tiep.jsp,7,133,Chủ đề 3: Các số trong phạm vi 100 000,5. Các số trong phạm vi 100 000 (tiếp theo),49,low_score,A,Một cửa hàng có 2 350 kg dưa hấu. Sau khi bán thì số dưa hấu giảm đi 5 lần. Hỏi cửa hàng còn lại bao nhiêu ki - lô – gam dưa hấu?,A. 470 kg | B. 4 700 kg | C. 375 kg | D. 3 750 kg
858,true,3,Trắc nghiệm Ôn tập về số và phép tính trong phạm vi 100 000 (tiếp theo),https://vietjack.com/toan-3-cd/trac-nghiem-on-tap-ve-so-va-phep-tinh-trong-pham-vi-100-000-tiep.jsp,8,133,Chủ đề 3: Các số trong phạm vi 100 000,5. Các số trong phạm vi 100 000 (tiếp theo),49,low_score,C,"Từ các chữ số 1, 2, 5, 4, 8. Tính tổng số lớn nhất và số bé nhất được tạo thành từ 5 chữ số trên",A. 12 458 | B. 85 412 | C. 97 879 | D. 90 821
859,true,4,Trắc nghiệm Các số có nhiều chữ số,https://vietjack.com/toan-4-cd/trac-nghiem-cac-so-co-nhieu-chu-so.jsp,1,159,Chủ đề 1. Số tự nhiên,6. Bài 6: Các số có nhiều chữ số,92,ambiguous_match,C,. Em hãy chọn đáp án đúng nhất. Số 123 678 được đọc như thế nào?,A. Một trăm hai ba nghìn sáu trăm bảy tám. | B. Một trăm hai mươi ba nghìn sáu trăm bảy tám. | C. Một trăm hai mươi ba nghìn sáu trăm bảy mươi tám. | D. Một trăm hai ba nghìn sáu trăm bảy mươi tám.
860,true,4,Trắc nghiệm Các số có nhiều chữ số,https://vietjack.com/toan-4-cd/trac-nghiem-cac-so-co-nhieu-chu-so.jsp,2,159,Chủ đề 1. Số tự nhiên,6. Bài 6: Các số có nhiều chữ số,92,ambiguous_match,C,. Em hãy chọn đáp án đúng nhất. Số “Bảy mươi triệu” có bao nhiêu chữ số?,A. 4 | B. 6 | C. 8 | D. 9
861,true,4,Trắc nghiệm Các số có nhiều chữ số,https://vietjack.com/toan-4-cd/trac-nghiem-cac-so-co-nhieu-chu-so.jsp,3,159,Chủ đề 1. Số tự nhiên,6. Bài 6: Các số có nhiều chữ số,92,ambiguous_match,C,. Em hãy chọn đáp án đúng nhất. Số “ Một trăm triệu” có bao nhiêu chữ số 0?,A. 5 | B. 7 | C. 8 | D. 9
862,true,4,Trắc nghiệm Các số có nhiều chữ số,https://vietjack.com/toan-4-cd/trac-nghiem-cac-so-co-nhieu-chu-so.jsp,4,159,Chủ đề 1. Số tự nhiên,6. Bài 6: Các số có nhiều chữ số,92,ambiguous_match,D,. Em hãy chọn đáp án đúng nhất. Số “Hai mươi ba triệu” viết là:,A. 23 000 | B. 230 000 | C. 2 300 000 | D. 23 000 000
863,true,4,Trắc nghiệm Các số có nhiều chữ số,https://vietjack.com/toan-4-cd/trac-nghiem-cac-so-co-nhieu-chu-so.jsp,5,159,Chủ đề 1. Số tự nhiên,6. Bài 6: Các số có nhiều chữ số,92,ambiguous_match,B,. Em hãy chọn đáp án đúng nhất. Phát biểu sau đây đúng hay sai? “Số nhỏ nhất có 8 chữ số là 90 000 000”,A. Đúng. | B. Sai.
864,true,4,Trắc nghiệm Các số có nhiều chữ số,https://vietjack.com/toan-4-cd/trac-nghiem-cac-so-co-nhieu-chu-so.jsp,6,159,Chủ đề 1. Số tự nhiên,6. Bài 6: Các số có nhiều chữ số,92,ambiguous_match,A,. Em hãy chọn đáp án đúng nhất. Số cần điền là: 1 200 000; .....; 1 400 000; 1 500 000,A. 1 300 000. | B. 1 250 000. | C. 1 350 000. | D. 1 520 000.
865,true,4,Trắc nghiệm Các số có nhiều chữ số,https://vietjack.com/toan-4-cd/trac-nghiem-cac-so-co-nhieu-chu-so.jsp,7,159,Chủ đề 1. Số tự nhiên,6. Bài 6: Các số có nhiều chữ số,92,ambiguous_match,A,". Em hãy chọn đáp án đúng nhất. Số có năm chữ số 0 và số có năm chữ số, số nào lớn hơn?",A. Số có năm chữ số 0. | B. Số có năm chữ số. | C. Hai số bằng nhau. | D. Không xác định được.
866,true,4,Trắc nghiệm Các số có nhiều chữ số,https://vietjack.com/toan-4-cd/trac-nghiem-cac-so-co-nhieu-chu-so.jsp,8,159,Chủ đề 1. Số tự nhiên,6. Bài 6: Các số có nhiều chữ số,92,ambiguous_match,B,. Em hãy chọn đáp án đúng nhất. Mười tờ tiền có mệnh giá hai mươi nghìn thì tổng số tiền là:,A. 20 000 đồng. | B. 200 000 đồng. | C. 2 000 đồng. | D. 2 000 000 đồng.
867,true,4,Trắc nghiệm Các số có nhiều chữ số,https://vietjack.com/toan-4-cd/trac-nghiem-cac-so-co-nhieu-chu-so.jsp,9,159,Chủ đề 1. Số tự nhiên,6. Bài 6: Các số có nhiều chữ số,92,ambiguous_match,B,. Em hãy chọn đáp án đúng nhất. Số lẻ nhỏ nhất có bảy chữ số là?,A. 1 000 010. | B. 1 000 001. | C. 1 000 009. | D. 9 000 001
868,true,4,Trắc nghiệm Các số có nhiều chữ số,https://vietjack.com/toan-4-cd/trac-nghiem-cac-so-co-nhieu-chu-so.jsp,10,159,Chủ đề 1. Số tự nhiên,6. Bài 6: Các số có nhiều chữ số,92,ambiguous_match,A,. Em hãy chọn đáp án đúng nhất. Mười chục triệu còn được gọi là:,A. Một trăm triệu. | B. Một triệu. | C. Một triệu triệu. | D. Mười triệu trăm.
869,true,4,Trắc nghiệm Các số có nhiều chữ số,https://vietjack.com/toan-4-cd/trac-nghiem-cac-so-co-nhieu-chu-so.jsp,11,159,Chủ đề 1. Số tự nhiên,6. Bài 6: Các số có nhiều chữ số,92,ambiguous_match,A,. Điền số thích hợp vào ô trống.,A. Mười hai triệu: …… | B. Hai trăm ba mươi tư triệu: …… | C. Sáu trăm bảy mươi triệu: ……
869,true,4,Trắc nghiệm Các số có nhiều chữ số,https://vietjack.com/toan-4-cd/trac-nghiem-cac-so-co-nhieu-chu-so.jsp,12,159,Chủ đề 1. Số tự nhiên,6. Bài 6: Các số có nhiều chữ số,92,ambiguous_match,A,. Điền số thích hợp vào ô trống.,"A. Số Ba mươi bảy triệu có .... chữ số, trong đó có .... chữ số 0. | B. Số Hai triệu có ..... chữ số, trong đó có ..... chữ số 0."
870,true,4,Trắc nghiệm Các số có nhiều chữ số,https://vietjack.com/toan-4-cd/trac-nghiem-cac-so-co-nhieu-chu-so.jsp,13,159,Chủ đề 1. Số tự nhiên,6. Bài 6: Các số có nhiều chữ số,92,ambiguous_match,A,". Đúng ghi Đ, sai ghi S.",A. Số ba mươi triệu có bảy chữ số 0. | B. Số ba mươi bảy triệu bốn trăm được viết là 37 400 000 | C. Số 1 000 000 000 được đọc là 1 tỷ.
967,true,5,Trắc nghiệm Viết số đo đại lượng dưới dạng số thập phân,https://vietjack.com/toan-5-kn/trac-nghiem-bai-12-viet-so-do-dai-luong-duoi-dang-so-thap-phan.jsp,9,235,Chủ đề 2. Các phép tính với số thập phân,14. Bài 38. Viết các số đo đại lượng dưới dạng số thập phân,60,low_score,C,"Em hãy chọn đáp án đúng nhất Trong các số đo sau, số đo nào lớn nhất?","A. 7 m 512 mm | B. 7 m 5 cm | C. 7,8 m | D. 713 cm"
968,true,5,Trắc nghiệm Viết số đo đại lượng dưới dạng số thập phân,https://vietjack.com/toan-5-kn/trac-nghiem-bai-12-viet-so-do-dai-luong-duoi-dang-so-thap-phan.jsp,10,235,Chủ đề 2. Các phép tính với số thập phân,14. Bài 38. Viết các số đo đại lượng dưới dạng số thập phân,60,low_score,C,"Em hãy chọn đáp án đúng nhất Trong các số đo sau, số đo nào bé nhất?","A. 1 km 315 m | B. 1 009 m | C. 1 km 4 m | D. 1,5 km"
967,true,5,Trắc nghiệm Viết số đo đại lượng dưới dạng số thập phân,https://vietjack.com/toan-5-kn/trac-nghiem-bai-12-viet-so-do-dai-luong-duoi-dang-so-thap-phan.jsp,9,235,Chủ đề 2. Các phép tính với số thập phân,14. Bài 38. Viết các số đo đại lượng dưới dạng số thập phân,60,low_score,A,"Em hãy chọn đáp án đúng nhất Trong các số đo sau, số đo nào lớn nhất?","A. 4,5 m 2 | B. 2 674 cm 2 | C. 316 dm 2 | D. 2 m 2 421 cm 2"
968,true,5,Trắc nghiệm Viết số đo đại lượng dưới dạng số thập phân,https://vietjack.com/toan-5-kn/trac-nghiem-bai-12-viet-so-do-dai-luong-duoi-dang-so-thap-phan.jsp,10,235,Chủ đề 2. Các phép tính với số thập phân,14. Bài 38. Viết các số đo đại lượng dưới dạng số thập phân,60,low_score,D,"Em hãy chọn đáp án đúng nhất Trong các số đo sau, số đo nào bé nhất?","A. 2,1 dm 2 | B. 0,129 m 2 | C. 215 cm 2 | D. 1 dm 2 59 cm 2"
976,true,5,Trắc nghiệm Ki-lô-mét vuông. Héc-ta,https://vietjack.com/toan-5-kn/trac-nghiem-bai-15-ki-lo-met-vuong-hec-ta.jsp,1,226,"Chủ đề 1. Ôn tập và bổ sung về số tự nhiên, phân số. Số thập phân",22. Bài 22. Ki-lô-mét vuông,46,low_score,C,Em hãy chọn đáp án đúng nhất Số Hai mươi bảy phẩy một ki – lô – mét vuông được viết là:,"A. 20,71 km 2 | B. 20,17 km 2 | C. 27,1 km 2 | D. 27,01 km 2"
977,true,5,Trắc nghiệm Ki-lô-mét vuông. Héc-ta,https://vietjack.com/toan-5-kn/trac-nghiem-bai-15-ki-lo-met-vuong-hec-ta.jsp,2,226,"Chủ đề 1. Ôn tập và bổ sung về số tự nhiên, phân số. Số thập phân",22. Bài 22. Ki-lô-mét vuông,46,low_score,B,"Em hãy chọn đáp án đúng nhất Số đo 9,25 km 2 được đọc là:",A. Chín phẩy hai năm ki-lô-mét vuông | B. Chín phẩy hai mươi lăm ki-lô-mét vuông | C. Chín hai lăm ki-lô-mét vuông | D. Chín hai mươi lăm ki-lô-mét vuông
978,true,5,Trắc nghiệm Ki-lô-mét vuông. Héc-ta,https://vietjack.com/toan-5-kn/trac-nghiem-bai-15-ki-lo-met-vuong-hec-ta.jsp,3,226,"Chủ đề 1. Ôn tập và bổ sung về số tự nhiên, phân số. Số thập phân",22. Bài 22. Ki-lô-mét vuông,46,low_score,C,Em hãy chọn đáp án đúng nhất Số Tám mươi chín phẩy ba héc-ta được viết là:,"A. 8,93 ha | B. 38,9 ha | C. 89,3 ha | D. 93,8 ha"
979,true,5,Trắc nghiệm Phép cộng số thập phân,https://vietjack.com/toan-5-kn/trac-nghiem-bai-19-phep-cong-so-thap-phan.jsp,1,227,Chủ đề 2. Các phép tính với số thập phân,1. Bài 25. Cộng các số thập phân,46,low_score|ambiguous_match,D,"Em hãy chọn đáp án đúng nhất Số trừ là 25,67 ; hiệu là 19,57 . Vậy số bị trừ là:","A. 34,14 | B. 44,14 | C. 34,24 | D. 45,24"
980,true,5,Trắc nghiệm Phép cộng số thập phân,https://vietjack.com/toan-5-kn/trac-nghiem-bai-19-phep-cong-so-thap-phan.jsp,2,227,Chủ đề 2. Các phép tính với số thập phân,1. Bài 25. Cộng các số thập phân,46,low_score|ambiguous_match,B,"Em hãy chọn đáp án đúng nhất Số hạng thứ nhất là 20,57 ; số hạng thứ hai là 51,03 . Vậy tổng là:","A. 71,5 | B. 71,6 | C. 71,7 | D. 71,4"
981,true,5,Trắc nghiệm Phép cộng số thập phân,https://vietjack.com/toan-5-kn/trac-nghiem-bai-19-phep-cong-so-thap-phan.jsp,3,227,Chủ đề 2. Các phép tính với số thập phân,1. Bài 25. Cộng các số thập phân,46,low_score|ambiguous_match,C,"Em hãy chọn đáp án đúng nhất Giá trị của biểu thức 6,5 + 8,12 + 5,024 là:","A. 19,5 | B. 19,6 | C. 19,644 | D. 15,644"
982,true,5,Trắc nghiệm Phép cộng số thập phân,https://vietjack.com/toan-5-kn/trac-nghiem-bai-19-phep-cong-so-thap-phan.jsp,4,227,Chủ đề 2. Các phép tính với số thập phân,1. Bài 25. Cộng các số thập phân,46,low_score|ambiguous_match,B,"Em hãy chọn đáp án đúng nhất Trong các phép tính sau, phép tính có kết quả lớn nhất là:","A. 24,69 + 18,05 | B. 33,56 + 39,05 | C. 20,55 + 26,49 | D. 19,51 + 31,08"
983,true,5,Trắc nghiệm Phép cộng số thập phân,https://vietjack.com/toan-5-kn/trac-nghiem-bai-19-phep-cong-so-thap-phan.jsp,5,227,Chủ đề 2. Các phép tính với số thập phân,1. Bài 25. Cộng các số thập phân,46,low_score|ambiguous_match,D,"Em hãy chọn đáp án đúng nhất Trong các phép tính sau, phép tính có kết quả bé nhất là:","A. 9,5 + 3,61 | B. 8,15 + 6,24 | C. 4,5 + 8,34 | D. 4,8 + 2,9"
984,true,5,Trắc nghiệm Phép trừ số thập phân,https://vietjack.com/toan-5-kn/trac-nghiem-bai-20-phep-tru-so-thap-phan.jsp,1,228,Chủ đề 2. Các phép tính với số thập phân,2. Bài 26. Trừ các số thập phân,46,low_score|ambiguous_match,B,"Em hãy chọn đáp án đúng nhất Số bị trừ là 25,64 , số trừ là 9,5 . Vậy hiệu là:","A. 14,16 | B. 16,14 | C. 35,14 | D. 34,14"
985,true,5,Trắc nghiệm Phép trừ số thập phân,https://vietjack.com/toan-5-kn/trac-nghiem-bai-20-phep-tru-so-thap-phan.jsp,2,228,Chủ đề 2. Các phép tính với số thập phân,2. Bài 26. Trừ các số thập phân,46,low_score|ambiguous_match,C,"Em hãy chọn đáp án đúng nhất Số hạng thứ nhất là 9,5 , tổng là 15,3 . Vậy số hạng thứ hai là:","A. 24,8 | B. 6,8 | C. 5,8 | D. 20,8"
986,true,5,Trắc nghiệm Phép trừ số thập phân,https://vietjack.com/toan-5-kn/trac-nghiem-bai-20-phep-tru-so-thap-phan.jsp,3,228,Chủ đề 2. Các phép tính với số thập phân,2. Bài 26. Trừ các số thập phân,46,low_score|ambiguous_match,B,"Em hãy chọn đáp án đúng nhất Trong các phép tính dưới đây, phép tính có kết quả bé nhất là:","A. 12,56 – 2,8 | B. 10,66 – 3,9 | C. 15,4 – 6,51 | D. 18,2 – 10,9"
987,true,5,Trắc nghiệm Phép trừ số thập phân,https://vietjack.com/toan-5-kn/trac-nghiem-bai-20-phep-tru-so-thap-phan.jsp,4,228,Chủ đề 2. Các phép tính với số thập phân,2. Bài 26. Trừ các số thập phân,46,low_score|ambiguous_match,B,"Em hãy chọn đáp án đúng nhất Trong các phép tính dưới đây, phép tính có kết quả lớn nhất là:","A. 20 – 3,51 | B. 19,55 – 3 | C. 29,1 – 15,97 | D. 31 – 20,8"
988,true,5,Trắc nghiệm Phép trừ số thập phân,https://vietjack.com/toan-5-kn/trac-nghiem-bai-20-phep-tru-so-thap-phan.jsp,5,228,Chủ đề 2. Các phép tính với số thập phân,2. Bài 26. Trừ các số thập phân,46,low_score|ambiguous_match,A,"Em hãy chọn đáp án đúng nhất Giá trị của biểu thức 54,26 – (8,64 + 6,83) là:","A. 38,79 | B. 39,87 | C. 37,79 | D. 40,87"
989,true,5,Trắc nghiệm Ôn tập số thập phân,https://vietjack.com/toan-5-kn/trac-nghiem-bai-30-on-tap-so-thap-phan.jsp,1,217,"Chủ đề 1. Ôn tập và bổ sung về số tự nhiên, phân số. Số thập phân",12. Bài 12. Phân số thập phân,60,low_score|ambiguous_match,C,Em hãy chọn đáp án đúng nhất Số Tám mươi hai phẩy chín được viết là:,"A. 8,29 | B. 80,29 | C. 82,9 | D. 8,029"
990,true,5,Trắc nghiệm Ôn tập số thập phân,https://vietjack.com/toan-5-kn/trac-nghiem-bai-30-on-tap-so-thap-phan.jsp,2,217,"Chủ đề 1. Ôn tập và bổ sung về số tự nhiên, phân số. Số thập phân",12. Bài 12. Phân số thập phân,60,low_score|ambiguous_match,B,"Em hãy chọn đáp án đúng nhất Trong số 12,45 , giá trị của chữ số 2 gấp bao nhiêu lần giá trị của chữ số 5?","A. 4 lần | B. 40 lần | C. 400 lần | D. 0,4 lần"
991,true,5,Trắc nghiệm Ôn tập số thập phân,https://vietjack.com/toan-5-kn/trac-nghiem-bai-30-on-tap-so-thap-phan.jsp,3,217,"Chủ đề 1. Ôn tập và bổ sung về số tự nhiên, phân số. Số thập phân",12. Bài 12. Phân số thập phân,60,low_score|ambiguous_match,A,"Em hãy chọn đáp án đúng nhất Số 34,89 được đọc là:",A. Ba mươi bốn phẩy tám mươi chín | B. Ba bốn phẩy tám chín | C. Ba mươi bốn phẩy tám chín | D. Ba bốn phẩy tám mươi chín
992,true,5,Trắc nghiệm Ôn tập số thập phân,https://vietjack.com/toan-5-kn/trac-nghiem-bai-30-on-tap-so-thap-phan.jsp,4,217,"Chủ đề 1. Ôn tập và bổ sung về số tự nhiên, phân số. Số thập phân",12. Bài 12. Phân số thập phân,60,low_score|ambiguous_match,C,"Em hãy chọn đáp án đúng nhất Làm tròn số thập phân 24,516 đến hàng phần mười là:","A. 24,6 | B. 24,51 | C. 24,5 | D. 24,52"
993,true,5,Trắc nghiệm Ôn tập số thập phân,https://vietjack.com/toan-5-kn/trac-nghiem-bai-30-on-tap-so-thap-phan.jsp,5,217,"Chủ đề 1. Ôn tập và bổ sung về số tự nhiên, phân số. Số thập phân",12. Bài 12. Phân số thập phân,60,low_score|ambiguous_match,A,Điền số thập phân thích hợp vào ô trống,A. 5 yến 8 kg = …… tạ | B. 645 ml = …… l
993,true,5,Trắc nghiệm Ôn tập số thập phân,https://vietjack.com/toan-5-kn/trac-nghiem-bai-30-on-tap-so-thap-phan.jsp,6,217,"Chủ đề 1. Ôn tập và bổ sung về số tự nhiên, phân số. Số thập phân",12. Bài 12. Phân số thập phân,60,low_score|ambiguous_match,A,Điền số thập phân thích hợp vào ô trống,A. 5 cm 2 = …… dm 2 | B. 54 ha = …… km 2
994,true,5,Trắc nghiệm Ôn tập số thập phân,https://vietjack.com/toan-5-kn/trac-nghiem-bai-30-on-tap-so-thap-phan.jsp,10,217,"Chủ đề 1. Ôn tập và bổ sung về số tự nhiên, phân số. Số thập phân",12. Bài 12. Phân số thập phân,60,low_score|ambiguous_match,A,Bác Hoa đi chợ mua các loại quả như sau:,A. Điền số thập phân thích hợp vào ô trống | B. Em hãy chọn đáp án đúng nhất | C. Quả chuối | D. Quả mận
995,true,5,Trắc nghiệm Ôn tập các phép tính với số thập phân,https://vietjack.com/toan-5-kn/trac-nghiem-bai-31-on-tap-cac-phep-tinh-voi-so-thap-phan.jsp,1,227,Chủ đề 2. Các phép tính với số thập phân,1. Bài 25. Cộng các số thập phân,51,low_score|ambiguous_match,D,"Em hãy chọn đáp án đúng nhất Kết quả của phép tính 54,26 + 8,5 là:","A. 139,26 | B. 130,76 | C. 55,11 | D. 62,76"
996,true,5,Trắc nghiệm Ôn tập các phép tính với số thập phân,https://vietjack.com/toan-5-kn/trac-nghiem-bai-31-on-tap-cac-phep-tinh-voi-so-thap-phan.jsp,2,227,Chủ đề 2. Các phép tính với số thập phân,1. Bài 25. Cộng các số thập phân,51,low_score|ambiguous_match,C,"Em hãy chọn đáp án đúng nhất Kết quả của phép tính 5,7 – 1,64 là:","A. 3,96 | B. 4,14 | C. 4,06 | D. 3,16"
997,true,5,Trắc nghiệm Ôn tập các phép tính với số thập phân,https://vietjack.com/toan-5-kn/trac-nghiem-bai-31-on-tap-cac-phep-tinh-voi-so-thap-phan.jsp,3,227,Chủ đề 2. Các phép tính với số thập phân,1. Bài 25. Cộng các số thập phân,51,low_score|ambiguous_match,B,"Em hãy chọn đáp án đúng nhất Kết quả của phép tính 1,54 × 5 là:","A. 6,9 | B. 7,7 | C. 7,26 | D. 6,28"
998,true,5,Trắc nghiệm Ôn tập các phép tính với số thập phân,https://vietjack.com/toan-5-kn/trac-nghiem-bai-31-on-tap-cac-phep-tinh-voi-so-thap-phan.jsp,4,227,Chủ đề 2. Các phép tính với số thập phân,1. Bài 25. Cộng các số thập phân,51,low_score|ambiguous_match,D,"Em hãy chọn đáp án đúng nhất Kết quả của phép tính 3,76 : 1,6 là:","A. 2,15 | B. 2,7 | C. 2,53 | D. 2,35"
999,true,5,Trắc nghiệm Ôn tập các phép tính với số thập phân,https://vietjack.com/toan-5-kn/trac-nghiem-bai-31-on-tap-cac-phep-tinh-voi-so-thap-phan.jsp,6,227,Chủ đề 2. Các phép tính với số thập phân,1. Bài 25. Cộng các số thập phân,51,low_score|ambiguous_match,B,"Em hãy chọn đáp án đúng nhất Kết quả của phép tính 24,5 + 9,3 × 2,8 là:","A. 45,54 | B. 50,54 | C. 52,99 | D. 47,59"
1000,true,5,Trắc nghiệm Ôn tập các phép tính với số thập phân,https://vietjack.com/toan-5-kn/trac-nghiem-bai-31-on-tap-cac-phep-tinh-voi-so-thap-phan.jsp,7,227,Chủ đề 2. Các phép tính với số thập phân,1. Bài 25. Cộng các số thập phân,51,low_score|ambiguous_match,A,Điền số thích hợp vào ô trống,"A. 25,84 × 0,1 = ..... | B. 63,19 : 0,01 = ....."
1001,true,5,Trắc nghiệm Tỉ số,https://vietjack.com/toan-5-kn/trac-nghiem-bai-36-ti-so-ti-so-phan-tram.jsp,1,212,"Chủ đề 1. Ôn tập và bổ sung về số tự nhiên, phân số. Số thập phân",6. Bài 6. Giới thiệu về tỉ số,92,ambiguous_match,B,Em hãy chọn đáp án đúng nhất Tỉ số của số cà rốt và số bắp cải là:,A. 31 14 | B. 4 3 | C. 3 4 | D. 51 100
1002,true,5,Trắc nghiệm Tỉ số,https://vietjack.com/toan-5-kn/trac-nghiem-bai-36-ti-so-ti-so-phan-tram.jsp,2,212,"Chủ đề 1. Ôn tập và bổ sung về số tự nhiên, phân số. Số thập phân",6. Bài 6. Giới thiệu về tỉ số,92,ambiguous_match,D,"Em hãy chọn đáp án đúng nhất Lớp 5A có 40 học sinh, trong đó có 24 học sinh nữ. Tỉ số giữa học sinh nữ và học sinh cả lớp là:",A. 26 40 | B. 2 3 | C. 13 20 | D. 3 5
1003,true,5,Trắc nghiệm Tỉ số,https://vietjack.com/toan-5-kn/trac-nghiem-bai-36-ti-so-ti-so-phan-tram.jsp,3,212,"Chủ đề 1. Ôn tập và bổ sung về số tự nhiên, phân số. Số thập phân",6. Bài 6. Giới thiệu về tỉ số,92,ambiguous_match,C,Em hãy chọn đáp án đúng nhất Khu vườn nhà bạn Hoa trồng 25 cây hoa hồng và 28 cây hoa lan. Vậy tỉ số của số cây hoa lan và số cây hoa cả khu vườn là:,A. 28 25 | B. 25 28 | C. 28 53 | D. 25 53
1004,true,5,Trắc nghiệm Tỉ số,https://vietjack.com/toan-5-kn/trac-nghiem-bai-36-ti-so-ti-so-phan-tram.jsp,4,212,"Chủ đề 1. Ôn tập và bổ sung về số tự nhiên, phân số. Số thập phân",6. Bài 6. Giới thiệu về tỉ số,92,ambiguous_match,D,"Em hãy chọn đáp án đúng nhất Cửa hàng cô Mai nhập về 100 chai nước trái cây, trong đó có 20 chai nước ép táo, 35 chai nước ép dâu và 45 chai nước ép cam. Vậy tỉ số 4 9 là:",A. Tỉ số của số chai nước cam và chai nước dâu. | B. Tỉ số của số chai nước dâu và chai nước táo. | C. Tỉ số của số chai nước cam và chai nước táo. | D. Tỉ số của số chai nước táo và chai nước cam.
1005,true,5,Trắc nghiệm Tỉ số,https://vietjack.com/toan-5-kn/trac-nghiem-bai-36-ti-so-ti-so-phan-tram.jsp,5,212,"Chủ đề 1. Ôn tập và bổ sung về số tự nhiên, phân số. Số thập phân",6. Bài 6. Giới thiệu về tỉ số,92,ambiguous_match,A,"Em hãy chọn đáp án đúng nhất Trang trại nhà Cúc có 1 500 con gà, trong đó số gà trống là 600 con. Vậy tỉ số giữa số con gà trống và số con gà mái ở trang trại nhà Cúc là",A. 2 3 | B. 3 2 | C. 2 5 | D. 5 2
1006,true,5,Trắc nghiệm Tỉ số,https://vietjack.com/toan-5-kn/trac-nghiem-bai-36-ti-so-ti-so-phan-tram.jsp,6,212,"Chủ đề 1. Ôn tập và bổ sung về số tự nhiên, phân số. Số thập phân",6. Bài 6. Giới thiệu về tỉ số,92,ambiguous_match,C,"Em hãy chọn đáp án đúng nhất Tham gia ngày hội trồng cây có 20 bạn của lớp 5A, 24 bạn của lớp 5B và 17 bạn của lớp 5C. Vậy tỉ số 17 24 là:",A. Tỉ số của số bạn lớp 5A và số bạn lớp 5B. | B. Tỉ số của số bạn lớp 5C và số bạn lớp 5A. | C. Tỉ số của số bạn lớp 5C và số bạn lớp 5B. | D. Tỉ số của số bạn lớp 5A và số bạn lớp 5C.
1007,true,5,Trắc nghiệm Tỉ số,https://vietjack.com/toan-5-kn/trac-nghiem-bai-36-ti-so-ti-so-phan-tram.jsp,7,212,"Chủ đề 1. Ôn tập và bổ sung về số tự nhiên, phân số. Số thập phân",6. Bài 6. Giới thiệu về tỉ số,92,ambiguous_match,D,Em hãy chọn đáp án đúng nhất Tỉ số của 4 và 5 được viết là:,A. 5 44 | B. 5 44 | C. 5 4 | D. 4 5
1008,true,5,Trắc nghiệm Tỉ số,https://vietjack.com/toan-5-kn/trac-nghiem-bai-36-ti-so-ti-so-phan-tram.jsp,8,212,"Chủ đề 1. Ôn tập và bổ sung về số tự nhiên, phân số. Số thập phân",6. Bài 6. Giới thiệu về tỉ số,92,ambiguous_match,A,Em hãy chọn đáp án đúng nhất Tỉ số trận đấu giữa đội tuyển Việt Nam và UAE (Các tiểu vương quốc Ả Rập) tại vòng loại World cup 2022 dưới đây được viết là:,A. 2 3 | B. 3 2 | C. 1 3 | D. 1 2
1009,true,5,Trắc nghiệm Tỉ số,https://vietjack.com/toan-5-kn/trac-nghiem-bai-36-ti-so-ti-so-phan-tram.jsp,9,212,"Chủ đề 1. Ôn tập và bổ sung về số tự nhiên, phân số. Số thập phân",6. Bài 6. Giới thiệu về tỉ số,92,ambiguous_match,A,Em hãy chọn đáp án đúng nhất Đáp án đúng biểu diễn tỉ số giữa 8 và 9 là:,A. 8 : 9 | B. 9 : 8 | C. 8 : 1 | D. 1 : 9
1010,true,5,Trắc nghiệm Tỉ số,https://vietjack.com/toan-5-kn/trac-nghiem-bai-36-ti-so-ti-so-phan-tram.jsp,10,212,"Chủ đề 1. Ôn tập và bổ sung về số tự nhiên, phân số. Số thập phân",6. Bài 6. Giới thiệu về tỉ số,92,ambiguous_match,C,Em hãy chọn đáp án đúng nhất Nhi có số bánh bằng số bánh của An giảm đi 6 lần. Tỉ số số bánh của Nhi và tổng số phần bánh là:,A. 6 : 1 | B. 1 : 6 | C. 1 : 7 | D. 7 : 1
1011,true,5,Trắc nghiệm Tỉ số,https://vietjack.com/toan-5-kn/trac-nghiem-bai-36-ti-so-ti-so-phan-tram.jsp,12,212,"Chủ đề 1. Ôn tập và bổ sung về số tự nhiên, phân số. Số thập phân",6. Bài 6. Giới thiệu về tỉ số,92,ambiguous_match,A,"Đúng ghi Đ, sai ghi S. Đàn gà nhà bác Ba có ba loại gồm: 157 con gà ri, 64 con gà mía và 39 con gà Đông Tảo.",A. Tỉ số của số gà ri và số gà Đông Tảo là 39 157 . | B. Tỉ số của số gà mía và số gà ri là 64 : 157.
1065,true,5,Trắc nghiệm Tỉ số phần trăm,https://vietjack.com/toan-5-kn/trac-nghiem-ti-so-phan-tram.jsp,1,236,Chủ đề 2. Các phép tính với số thập phân,16. Bài 40. Tỉ số phần trăm,92,ambiguous_match,D,"Em hãy chọn đáp án đúng nhất Trong các tỉ số dưới đây, tỉ số phần trăm là:",A. 13 41 | B. 25 11 | C. 100 89 | D. 51 100
1066,true,5,Trắc nghiệm Tỉ số phần trăm,https://vietjack.com/toan-5-kn/trac-nghiem-ti-so-phan-tram.jsp,2,236,Chủ đề 2. Các phép tính với số thập phân,16. Bài 40. Tỉ số phần trăm,92,ambiguous_match,A,Em hãy chọn đáp án đúng nhất 95% đọc là:,A. Chín mươi lăm phần trăm | B. Chín lăm phần một trăm | C. Chín mươi năm phần một trăm | D. Chín lăm phần trăm
1067,true,5,Trắc nghiệm Tỉ số phần trăm,https://vietjack.com/toan-5-kn/trac-nghiem-ti-so-phan-tram.jsp,3,236,Chủ đề 2. Các phép tính với số thập phân,16. Bài 40. Tỉ số phần trăm,92,ambiguous_match,B,Em hãy chọn đáp án đúng nhất Tỉ số phần trăm của 12 100 là:,A. 24% | B. 12% | C. 21%. | D. 42%
1068,true,5,Trắc nghiệm Tỉ số phần trăm,https://vietjack.com/toan-5-kn/trac-nghiem-ti-so-phan-tram.jsp,4,236,Chủ đề 2. Các phép tính với số thập phân,16. Bài 40. Tỉ số phần trăm,92,ambiguous_match,A,Em hãy chọn đáp án đúng nhất. Tỉ số phần trăm 89% được đọc là:,A. Tám mươi chín phần trăm | B. Tám mươi chín phần một trăm | C. Tám mươi chín tỉ số phần trăm | D. Tám mươi chín
1069,true,5,Trắc nghiệm Tỉ số phần trăm,https://vietjack.com/toan-5-kn/trac-nghiem-ti-so-phan-tram.jsp,5,236,Chủ đề 2. Các phép tính với số thập phân,16. Bài 40. Tỉ số phần trăm,92,ambiguous_match,B,Em hãy chọn đáp án đúng nhất “Một trăm hai mươi phần trăm” được viết là:,A. 122% | B. 120% | C. 20% | D. 100%
1070,true,5,Trắc nghiệm Tỉ số phần trăm,https://vietjack.com/toan-5-kn/trac-nghiem-ti-so-phan-tram.jsp,6,236,Chủ đề 2. Các phép tính với số thập phân,16. Bài 40. Tỉ số phần trăm,92,ambiguous_match,C,. Em hãy chọn đáp án đúng nhất Phân số 18 100 được biểu diễn dưới dạng tỉ số phần trăm là:,"A. 1,8% | B. 180% | C. 18% | D. 0,18%"
1071,true,5,Trắc nghiệm Tỉ số phần trăm,https://vietjack.com/toan-5-kn/trac-nghiem-ti-so-phan-tram.jsp,7,236,Chủ đề 2. Các phép tính với số thập phân,16. Bài 40. Tỉ số phần trăm,92,ambiguous_match,A,"Nối tỉ số với tỉ số phần trăm tương ứng. Bài 8. Điền số thích hợp vào ô trống Biểu diễn tỉ số phần trăm dưới dạng phân số (theo mẫu): Tỉ số phần trăm Phân số 25% 25 100 = 1 4 75% ... ... = ... ... 75 100 = 3 4 Bài 9. Điền số thích hợp vào ô trống Biểu diễn số thập phân dưới dạng phân số, tỉ số phần trăm Số thập phân 0,68 …% 0,29 68 100 68% 0,73 73 100 73% Bài 10. Điền số thích hợp vào ô trống Viết các tỉ số dưới đây thành các tỉ số phần trăm 8 25 = ... ... = ... % 3 10 = ... ... = ... % 8 25 = 32 100 = 32 % 3 10 = 30 100 = 30 % Bài 11. Điền số thích hợp vào ô trống 64 800 = ... ... = ... % 12 25 = ... ... = ... % 64 800 = 8 100 = 8 % 12 25 = 48 100 = 48 % Bài 12. Em hãy chọn đáp án đúng nhất Trang trại của ông Hùng có 100 con gà trong đó có 42 con gà trống. Hỏi số con gà trống chiếm bao nhiêu phần trăm?",A. 42% | B. 58% | C. 24% | D. 68%
1072,true,5,Trắc nghiệm Tỉ số phần trăm,https://vietjack.com/toan-5-kn/trac-nghiem-ti-so-phan-tram.jsp,13,236,Chủ đề 2. Các phép tính với số thập phân,16. Bài 40. Tỉ số phần trăm,92,ambiguous_match,C,Em hãy chọn đáp án đúng nhất Một xưởng sản xuất bóng đèn. Cứ sản xuất được 100 bóng đèn có 5 bóng đèn không đạt chuẩn. Hỏi số bóng đèn không đạt chuẩn chiếm bao nhiêu phần trăm?,A. 95% | B. 50% | C. 5% | D. 45%
1106,true,5,Trắc nghiệm Mét khối,https://vietjack.com/toan-5-kn/trac-nghiem-bai-47-met-khoi.jsp,1,252,Chủ đề 3. Hình học và đo lường,14. Bài 63. Xăng-ti-mét khối. Đề-xi-mét khối,92,ambiguous_match,A,. Em hãy chọn đáp án đúng nhất. Số đo “ Sáu mươi ba mét khối ” được viết là:,A. 63 m 3 | B. 36 m 3 | C. 94 m 3 | D. 46 m 3
1107,true,5,Trắc nghiệm Mét khối,https://vietjack.com/toan-5-kn/trac-nghiem-bai-47-met-khoi.jsp,2,252,Chủ đề 3. Hình học và đo lường,14. Bài 63. Xăng-ti-mét khối. Đề-xi-mét khối,92,ambiguous_match,A,. Em hãy chọn đáp án đúng nhất. Một thùng xe tải có thể tích khoảng:,A. 28 m 3 | B. 2 cm 3 | C. 28 dm 3 | D. 28 000 m 3
1108,true,5,Trắc nghiệm Mét khối,https://vietjack.com/toan-5-kn/trac-nghiem-bai-47-met-khoi.jsp,3,252,Chủ đề 3. Hình học và đo lường,14. Bài 63. Xăng-ti-mét khối. Đề-xi-mét khối,92,ambiguous_match,C,. Em hãy chọn đáp án đúng nhất. Số thích hợp điền vào dấu hỏi chấm (?) là: 37 m 3 = ? dm 3,A. 3 700 | B. 370 | C. 37 000 | D. 370 000
1109,true,5,Trắc nghiệm Mét khối,https://vietjack.com/toan-5-kn/trac-nghiem-bai-47-met-khoi.jsp,4,252,Chủ đề 3. Hình học và đo lường,14. Bài 63. Xăng-ti-mét khối. Đề-xi-mét khối,92,ambiguous_match,D,. Em hãy chọn đáp án đúng nhất. Số thích hợp điền vào ô trống là: 7 4 m 3 = … cm 3,A. 17 500 | B. 175 000 | C. 1 750 | D. 1 750 000
1110,true,5,Trắc nghiệm Mét khối,https://vietjack.com/toan-5-kn/trac-nghiem-bai-47-met-khoi.jsp,5,252,Chủ đề 3. Hình học và đo lường,14. Bài 63. Xăng-ti-mét khối. Đề-xi-mét khối,92,ambiguous_match,C,". Em hãy chọn đáp án đúng nhất. Trong các số đo dưới đây, số đo lớn nhất là:",A. 30 dm 3 5 cm 3 | B. 3 m 3 500 cm 3 | C. 3 m 3 5 dm 3 | D. 3 500 cm 3
1111,true,5,Trắc nghiệm Mét khối,https://vietjack.com/toan-5-kn/trac-nghiem-bai-47-met-khoi.jsp,6,252,Chủ đề 3. Hình học và đo lường,14. Bài 63. Xăng-ti-mét khối. Đề-xi-mét khối,92,ambiguous_match,C,"Em hãy chọn đáp án đúng nhất. Trong các phép tính dưới đây, phép tính có kết quả lớn nhất là:","A. 15 m 3 + 15,8 m 3 | B. 1,2 m 3 × 12 | C. 209 m 3 – 27,1 m 3 | D. 132,4 m 3 : 33,1"
1112,true,5,Trắc nghiệm Mét khối,https://vietjack.com/toan-5-kn/trac-nghiem-bai-47-met-khoi.jsp,7,252,Chủ đề 3. Hình học và đo lường,14. Bài 63. Xăng-ti-mét khối. Đề-xi-mét khối,92,ambiguous_match,B,"Em hãy chọn đáp án đúng nhất. Một bể nước có thể tích 5 m 3 , lượng nước trong bể bằng 60% thể tích bể. Người ta đã lấy ra một số lít nước, khi đó lượng nước trong bể còn lại bằng 52% thể tích của bể. Biết 1 l = 1 dm 3 . Số lít nước đã lấy ra là:",A. 300 l | B. 400 l | C. 500 l | D. 600 l
1113,true,5,Trắc nghiệm Mét khối,https://vietjack.com/toan-5-kn/trac-nghiem-bai-47-met-khoi.jsp,8,252,Chủ đề 3. Hình học và đo lường,14. Bài 63. Xăng-ti-mét khối. Đề-xi-mét khối,92,ambiguous_match,C,". Em hãy chọn đáp án đúng nhất. Một bể chứa nước có thể tích là 25,6 m 3 . Biết lượng nước trong bể chiếm 60%. Vậy cần đổ thêm số mét khối nước vào bể để bể đầy nước là:","A. 14,9 m 3 | B. 15,9 m 3 | C. 10,24 m 3 | D. 1,6 m 3"
1114,true,5,Trắc nghiệm Mét khối,https://vietjack.com/toan-5-kn/trac-nghiem-bai-47-met-khoi.jsp,9,252,Chủ đề 3. Hình học và đo lường,14. Bài 63. Xăng-ti-mét khối. Đề-xi-mét khối,92,ambiguous_match,A,"Em hãy chọn đáp án đúng nhất. Một hình được ghép bởi 11 hình lập phương, biết mỗi hình lập phương có thể tích 1 m 3 . Hỏi thể tích hình được ghép là bao nhiêu?",A. 11 m 3 | B. 12 dm 3 | C. 9 m 3 | D. 10 m 3
1115,true,5,Trắc nghiệm Mét khối,https://vietjack.com/toan-5-kn/trac-nghiem-bai-47-met-khoi.jsp,10,252,Chủ đề 3. Hình học và đo lường,14. Bài 63. Xăng-ti-mét khối. Đề-xi-mét khối,92,ambiguous_match,B,"Em hãy chọn đáp án đúng nhất. Tháng này gia đình Hùng dùng hết 14 m 3 nước và ít hơn tháng trước 7 m 3 . Vậy trong 30 ngày của tháng trước, trung bình mỗi ngày gia đình Hùng dùng hết số mét khối nước là:","A. 0,6 m 3 | B. 0,7 m 3 | C. 6 m 3 | D. 18 m 3"
1104,true,5,Trắc nghiệm Mét khối,https://vietjack.com/toan-5-kn/trac-nghiem-bai-47-met-khoi.jsp,12,252,Chủ đề 3. Hình học và đo lường,14. Bài 63. Xăng-ti-mét khối. Đề-xi-mét khối,92,ambiguous_match,A,. Điền số thích hợp vào ô trống,"A. 19,42 m 3 = ………dm 3 | B. 530 000 cm 3 = ……… m 3"
1104,true,5,Trắc nghiệm Mét khối,https://vietjack.com/toan-5-kn/trac-nghiem-bai-47-met-khoi.jsp,13,252,Chủ đề 3. Hình học và đo lường,14. Bài 63. Xăng-ti-mét khối. Đề-xi-mét khối,92,ambiguous_match,A,. Điền số thích hợp vào ô trống,"A. 56,47 m 3 – 14,35 m 3 = … m 3 | B. 43,5 m 3 : 5 = … m 3"
1116,true,5,Trắc nghiệm Mét khối,https://vietjack.com/toan-5-kn/trac-nghiem-bai-47-met-khoi.jsp,14,252,Chủ đề 3. Hình học và đo lường,14. Bài 63. Xăng-ti-mét khối. Đề-xi-mét khối,92,ambiguous_match,A,. Điền dấu >; <; = thích hợp vào ô trống,"A. 0,125 m 3 …… 12 500 cm 3 | B. 0,0015 m 3 …… 105 dm 3 : 100"
1117,true,5,"Trắc nghiệm Hình khai triển của hình lập phương, hình hộp chữ nhật và hình trụ",https://vietjack.com/toan-5-kn/trac-nghiem-bai-49-hinh-khai-trien-cua-hinh-lap-phuong-hinh.jsp,5,249,Chủ đề 3. Hình học và đo lường,"10. Bài 59. Hình khai triển của hình hộp chữ nhật, Hình lập phương, hình trụ",62,low_score,C,. Em hãy chọn đáp án đúng nhất. Hình bên là hình khai triển của hình:,A. Hình lập phương | B. Hình hộp chữ nhật | C. Hình trụ | D. Hình tam giác
1118,true,5,"Trắc nghiệm Hình khai triển của hình lập phương, hình hộp chữ nhật và hình trụ",https://vietjack.com/toan-5-kn/trac-nghiem-bai-49-hinh-khai-trien-cua-hinh-lap-phuong-hinh.jsp,6,249,Chủ đề 3. Hình học và đo lường,"10. Bài 59. Hình khai triển của hình hộp chữ nhật, Hình lập phương, hình trụ",62,low_score,B,Cái lon bia Hà Nội có hình khối là:,A. Hình tròn | B. Hình trụ | C. Hình lập phương | D. Hình hộp chữ nhật
1119,true,5,"Trắc nghiệm Hình khai triển của hình lập phương, hình hộp chữ nhật và hình trụ",https://vietjack.com/toan-5-kn/trac-nghiem-bai-49-hinh-khai-trien-cua-hinh-lap-phuong-hinh.jsp,7,249,Chủ đề 3. Hình học và đo lường,"10. Bài 59. Hình khai triển của hình hộp chữ nhật, Hình lập phương, hình trụ",62,low_score,D,Em hãy chọn đáp án đúng nhất. Em hãy cho biết hình nào dưới đây là hình khai triển của hình lập phương?,"A. Hình 1, hình 3, hình 4 | B. Hình 2, hình 3, hình 4 | C. Hình 1, hình 2, hình 3 | D. Hình 1, hình 2, hình 4"
1120,true,5,"Trắc nghiệm Hình khai triển của hình lập phương, hình hộp chữ nhật và hình trụ",https://vietjack.com/toan-5-kn/trac-nghiem-bai-49-hinh-khai-trien-cua-hinh-lap-phuong-hinh.jsp,8,249,Chủ đề 3. Hình học và đo lường,"10. Bài 59. Hình khai triển của hình hộp chữ nhật, Hình lập phương, hình trụ",62,low_score,B,Em hãy chọn đáp án đúng nhất. Hình dưới đây là hình khai triển của hình gì?,A. Hình lập phương | B. Hình hộp chữ nhật | C. Hình trụ | D. Hình tam giác
1121,true,5,"Trắc nghiệm Hình khai triển của hình lập phương, hình hộp chữ nhật và hình trụ",https://vietjack.com/toan-5-kn/trac-nghiem-bai-49-hinh-khai-trien-cua-hinh-lap-phuong-hinh.jsp,9,249,Chủ đề 3. Hình học và đo lường,"10. Bài 59. Hình khai triển của hình hộp chữ nhật, Hình lập phương, hình trụ",62,low_score,C,Em hãy chọn đáp án đúng nhất. Hình khai triển của hình lập phương gồm mấy hình vuông?,A. 2 | B. 5 | C. 6 | D. 4
1122,true,5,"Trắc nghiệm Hình khai triển của hình lập phương, hình hộp chữ nhật và hình trụ",https://vietjack.com/toan-5-kn/trac-nghiem-bai-49-hinh-khai-trien-cua-hinh-lap-phuong-hinh.jsp,10,249,Chủ đề 3. Hình học và đo lường,"10. Bài 59. Hình khai triển của hình hộp chữ nhật, Hình lập phương, hình trụ",62,low_score,A,Em hãy chọn đáp án đúng nhất. Hình khai triển của hình trụ gồm mấy hình tròn?,A. 2 | B. 5 | C. 6 | D. 4
1123,true,5,"Trắc nghiệm Hình khai triển của hình lập phương, hình hộp chữ nhật và hình trụ",https://vietjack.com/toan-5-kn/trac-nghiem-bai-49-hinh-khai-trien-cua-hinh-lap-phuong-hinh.jsp,12,249,Chủ đề 3. Hình học và đo lường,"10. Bài 59. Hình khai triển của hình hộp chữ nhật, Hình lập phương, hình trụ",62,low_score,A,Điền số thích hợp vào chỗ chấm. Hoa gấp tấm bìa như hình vẽ thành một xúc xắc. Vậy khi đó:,A. Mặt trên của xúc xắc là mặt có 1 chấm thì mặt dưới có ……….chấm. | B. Mặt trên của xúc xắc là mặt 3 chấm thì mặt dưới có ……….chấm.
1124,true,5,Trắc nghiệm Diện tích xung quanh và diện tích toàn phần của hình hộp chữ nhật,https://vietjack.com/toan-5-kn/trac-nghiem-bai-50-dien-tich-xung-quanh-va-dien-tich-toan-phan.jsp,1,250,Chủ đề 3. Hình học và đo lường,"11. Bài 60. Diện tích xung quanh, diện tích toàn phần của hình hộp chữ nhật và hình lập phương",60,low_score,A,". Em hãy chọn đáp án đúng nhất. Một hình hộp chữ nhật có chiều dài 8 cm, chiều rộng 6 cm và chiều cao 4 cm. Diện tích xung quanh của hình hộp chữ nhật đó là:",A. 112 cm 2 | B. 48 cm 2 | C. 32 cm 2 | D. 72 cm 2
1125,true,5,Trắc nghiệm Diện tích xung quanh và diện tích toàn phần của hình hộp chữ nhật,https://vietjack.com/toan-5-kn/trac-nghiem-bai-50-dien-tich-xung-quanh-va-dien-tich-toan-phan.jsp,2,250,Chủ đề 3. Hình học và đo lường,"11. Bài 60. Diện tích xung quanh, diện tích toàn phần của hình hộp chữ nhật và hình lập phương",60,low_score,B,". Em hãy chọn đáp án đúng nhất. Một hình hộp chữ nhật có chiều dài 45 cm, chiều rộng 15 cm và chiều cao 36 cm. Diện tích toàn phần của hình hộp chữ nhật đó là:","A. 43,2 dm 2 | B. 56,7 dm 2 | C. 52,2 dm 2 | D. 49,95 dm 2"
1126,true,5,Trắc nghiệm Diện tích xung quanh và diện tích toàn phần của hình hộp chữ nhật,https://vietjack.com/toan-5-kn/trac-nghiem-bai-50-dien-tich-xung-quanh-va-dien-tich-toan-phan.jsp,3,250,Chủ đề 3. Hình học và đo lường,"11. Bài 60. Diện tích xung quanh, diện tích toàn phần của hình hộp chữ nhật và hình lập phương",60,low_score,B,"Em hãy chọn đáp án đúng nhất. Một hình hộp chữ nhật có chiều cao 6 cm, chiều dài hơn chiều rộng 4 cm, diện tích xung quanh bằng 384 cm. Chiều rộng của hình hộp chữ nhật là:",A. 9 cm | B. 14 cm | C. 12 cm | D. 18 cm
1127,true,5,Trắc nghiệm Diện tích xung quanh và diện tích toàn phần của hình hộp chữ nhật,https://vietjack.com/toan-5-kn/trac-nghiem-bai-50-dien-tich-xung-quanh-va-dien-tich-toan-phan.jsp,4,250,Chủ đề 3. Hình học và đo lường,"11. Bài 60. Diện tích xung quanh, diện tích toàn phần của hình hộp chữ nhật và hình lập phương",60,low_score,D,Em hãy chọn đáp án đúng nhất. Diện tích xung quanh của hình bên là:,A. (a + b) × c : 2 | B. a + b × c | C. (a + b + c) × 2 | D. (a + b) × 2 × c
1128,true,5,Trắc nghiệm Diện tích xung quanh và diện tích toàn phần của hình hộp chữ nhật,https://vietjack.com/toan-5-kn/trac-nghiem-bai-50-dien-tich-xung-quanh-va-dien-tich-toan-phan.jsp,5,250,Chủ đề 3. Hình học và đo lường,"11. Bài 60. Diện tích xung quanh, diện tích toàn phần của hình hộp chữ nhật và hình lập phương",60,low_score,D,"Em hãy chọn đáp án đúng nhất. Muốn tính diện tích xung quanh hình hộp chữ nhật, ta lấy:",A. Chu vi đáy cộng chiều cao (cùng đơn vị đo) | B. Chu vi đáy trừ chiều cao (cùng đơn vị đo) | C. Chu vi đáy chia chiều cao (cùng đơn vị đo) | D. Chu vi đáy nhân chiều cao (cùng đơn vị đo)
1129,true,5,Trắc nghiệm Diện tích xung quanh và diện tích toàn phần của hình hộp chữ nhật,https://vietjack.com/toan-5-kn/trac-nghiem-bai-50-dien-tich-xung-quanh-va-dien-tich-toan-phan.jsp,6,250,Chủ đề 3. Hình học và đo lường,"11. Bài 60. Diện tích xung quanh, diện tích toàn phần của hình hộp chữ nhật và hình lập phương",60,low_score,C,"Em hãy chọn đáp án đúng nhất. Muốn tính diện tích toàn phần của hình hộp chữ nhật, ta tính:",A. Tổng diện tích của hai mặt đáy | B. Tổng diện tích của bốn mặt bên | C. Tổng diện tích sáu mặt của hình hộp chữ nhật | D. Tổng của một mặt bên và một mặt đáy
1130,true,5,Trắc nghiệm Diện tích xung quanh và diện tích toàn phần của hình hộp chữ nhật,https://vietjack.com/toan-5-kn/trac-nghiem-bai-50-dien-tich-xung-quanh-va-dien-tich-toan-phan.jsp,7,250,Chủ đề 3. Hình học và đo lường,"11. Bài 60. Diện tích xung quanh, diện tích toàn phần của hình hộp chữ nhật và hình lập phương",60,low_score,A,Em hãy chọn đáp án đúng nhất. Quan sát hình sau: Chọn câu trả lời đúng .,"A. Diện tích một mặt đáy là 3,75 dm 2 | B. Diện tích hai mặt đáy là 3,75 dm 2 | C. Diện tích xung quanh là 6,9 dm 2 | D. Diện tích toàn phần là 13,35 dm 2"
1131,true,5,Trắc nghiệm Diện tích xung quanh và diện tích toàn phần của hình hộp chữ nhật,https://vietjack.com/toan-5-kn/trac-nghiem-bai-50-dien-tich-xung-quanh-va-dien-tich-toan-phan.jsp,8,250,Chủ đề 3. Hình học và đo lường,"11. Bài 60. Diện tích xung quanh, diện tích toàn phần của hình hộp chữ nhật và hình lập phương",60,low_score,D,Em hãy chọn đáp án đúng nhất. Điền vào chỗ chấm: Diện tích xung quanh của hình hộp chữ nhật là tổng diện tích của …… mặt bên của hình hộp chữ nhật,A. 2 | B. 3 | C. 5 | D. 4
1132,true,5,Trắc nghiệm Diện tích xung quanh và diện tích toàn phần của hình hộp chữ nhật,https://vietjack.com/toan-5-kn/trac-nghiem-bai-50-dien-tich-xung-quanh-va-dien-tich-toan-phan.jsp,9,250,Chủ đề 3. Hình học và đo lường,"11. Bài 60. Diện tích xung quanh, diện tích toàn phần của hình hộp chữ nhật và hình lập phương",60,low_score,B,Em hãy chọn đáp án đúng nhất. Cho hình hộp chữ nhật có diện tích xung quanh là 64 m 2 và có nửa chu vi mặt đáy bằng 8 m. Chiều cao của hình hộp chữ nhật đó là:,A. 8 m | B. 4 m | C. 12 m | D. 10 m
1133,true,5,Trắc nghiệm Diện tích xung quanh và diện tích toàn phần của hình hộp chữ nhật,https://vietjack.com/toan-5-kn/trac-nghiem-bai-50-dien-tich-xung-quanh-va-dien-tich-toan-phan.jsp,10,250,Chủ đề 3. Hình học và đo lường,"11. Bài 60. Diện tích xung quanh, diện tích toàn phần của hình hộp chữ nhật và hình lập phương",60,low_score,C,"Điền số thích hợp vào ô trống Cho hình hộp chữ nhật có diện tích xung quanh là 450 m 2 , chiều cao là 12,5 m. Vậy chu vi mặt đáy của hình hộp chữ nhật là ….. m",A. 50 | B. 42 | C. 36 | D. 23
1134,true,5,Trắc nghiệm Diện tích xung quanh và diện tích toàn phần của hình hộp chữ nhật,https://vietjack.com/toan-5-kn/trac-nghiem-bai-50-dien-tich-xung-quanh-va-dien-tich-toan-phan.jsp,13,250,Chủ đề 3. Hình học và đo lường,"11. Bài 60. Diện tích xung quanh, diện tích toàn phần của hình hộp chữ nhật và hình lập phương",60,low_score,A,"Đúng ghi Đ, Sai ghi S. Hòa xếp các hình lập phương có cạnh 5 cm thành khối dạng hình hộp chữ nhật như sau: Em hãy xác định những nhận định sau đây đúng hay sai.",A. Chiều dài của hình hộp chữ nhật là: 10 cm. | B. Chiều rộng của hình hộp chữ nhật là: 10 cm. | C. Chiều cao của hình hộp chữ nhật là: 20 cm.
1135,true,5,Trắc nghiệm Diện tích xung quanh và diện tích toàn phần của hình lập phương,https://vietjack.com/toan-5-kn/trac-nghiem-bai-51-dien-tich-xung-quanh-va-dien-tich-toan-phan.jsp,1,250,Chủ đề 3. Hình học và đo lường,"11. Bài 60. Diện tích xung quanh, diện tích toàn phần của hình hộp chữ nhật và hình lập phương",55,low_score,B,Em hãy chọn đáp án đúng nhất. Hộp quà hình lập phương có cạnh là 5 cm. Diện tích toàn phần của hộp quà đó là:,A. 25 cm 2 | B. 150 cm 2 | C. 30 cm 2 | D. 100 cm 2
1136,true,5,Trắc nghiệm Diện tích xung quanh và diện tích toàn phần của hình lập phương,https://vietjack.com/toan-5-kn/trac-nghiem-bai-51-dien-tich-xung-quanh-va-dien-tich-toan-phan.jsp,2,250,Chủ đề 3. Hình học và đo lường,"11. Bài 60. Diện tích xung quanh, diện tích toàn phần của hình hộp chữ nhật và hình lập phương",55,low_score,A,". Em hãy chọn đáp án đúng nhất. Một khối gỗ dạng hình lập phương có diện tích xung quanh là 61,44 dm 2 . Diện tích toàn phần của khối gỗ đó là:","A. 92,16 dm 2 | B. 15,36 dm 2 | C. 40,96 dm 2 | D. 30,72 dm 2"
1137,true,5,Trắc nghiệm Diện tích xung quanh và diện tích toàn phần của hình lập phương,https://vietjack.com/toan-5-kn/trac-nghiem-bai-51-dien-tich-xung-quanh-va-dien-tich-toan-phan.jsp,3,250,Chủ đề 3. Hình học và đo lường,"11. Bài 60. Diện tích xung quanh, diện tích toàn phần của hình hộp chữ nhật và hình lập phương",55,low_score,C,. Em hãy chọn đáp án đúng nhất. Một hình lập phương có diện tích một mặt là 25 cm 2 . Vậy diện tích xung quanh của hình lập phương đó là:,A. 150 cm 2 | B. 625 cm 2 | C. 100 cm 2 | D. 2 500 cm 2
1138,true,5,Trắc nghiệm Diện tích xung quanh và diện tích toàn phần của hình lập phương,https://vietjack.com/toan-5-kn/trac-nghiem-bai-51-dien-tich-xung-quanh-va-dien-tich-toan-phan.jsp,4,250,Chủ đề 3. Hình học và đo lường,"11. Bài 60. Diện tích xung quanh, diện tích toàn phần của hình hộp chữ nhật và hình lập phương",55,low_score,D,. Em hãy chọn đáp án đúng nhất. Bà Lan dùng giấy màu dán tất cả các mặt của một hộp quả dạng hình lập phương có cạnh 15 cm. Vậy diện tích giấy màu bà Lan đã sử dụng là:,A. 90 cm 2 | B. 900 cm 2 | C. 225 cm 2 | D. 1 350 cm 2
1139,true,5,Trắc nghiệm Diện tích xung quanh và diện tích toàn phần của hình lập phương,https://vietjack.com/toan-5-kn/trac-nghiem-bai-51-dien-tich-xung-quanh-va-dien-tich-toan-phan.jsp,5,250,Chủ đề 3. Hình học và đo lường,"11. Bài 60. Diện tích xung quanh, diện tích toàn phần của hình hộp chữ nhật và hình lập phương",55,low_score,B,Em hãy chọn đáp án đúng nhất. Một hình lập phương có diện tích toàn phần là 204 cm 2 . Tính diện tích một mặt của hình lập phương đó.,A. 51 cm 2 | B. 34 cm 2 | C. 31 cm 2 | D. 43 cm 2
1140,true,5,Trắc nghiệm Diện tích xung quanh và diện tích toàn phần của hình lập phương,https://vietjack.com/toan-5-kn/trac-nghiem-bai-51-dien-tich-xung-quanh-va-dien-tich-toan-phan.jsp,6,250,Chủ đề 3. Hình học và đo lường,"11. Bài 60. Diện tích xung quanh, diện tích toàn phần của hình hộp chữ nhật và hình lập phương",55,low_score,B,Em hãy chọn đáp án đúng nhất. Một hình lập phương có diện tích toàn phần là 252 dm 2 . Diện tích xung quanh của hình lập phương đó là:,A. 42 dm 2 | B. 168 dm 2 | C. 63 dm 2 | D. 186 dm 2
1141,true,5,Trắc nghiệm Diện tích xung quanh và diện tích toàn phần của hình lập phương,https://vietjack.com/toan-5-kn/trac-nghiem-bai-51-dien-tich-xung-quanh-va-dien-tich-toan-phan.jsp,7,250,Chủ đề 3. Hình học và đo lường,"11. Bài 60. Diện tích xung quanh, diện tích toàn phần của hình hộp chữ nhật và hình lập phương",55,low_score,A,Em hãy chọn đáp án đúng nhất. Một hình lập phương có diện tích xung quanh là 16 m 2 . Tính độ dài cạnh của hình lập phương đó.,A. 2 m | B. 4 m | C. 6 m | D. 8 m
1142,true,5,Trắc nghiệm Diện tích xung quanh và diện tích toàn phần của hình lập phương,https://vietjack.com/toan-5-kn/trac-nghiem-bai-51-dien-tich-xung-quanh-va-dien-tich-toan-phan.jsp,8,250,Chủ đề 3. Hình học và đo lường,"11. Bài 60. Diện tích xung quanh, diện tích toàn phần của hình hộp chữ nhật và hình lập phương",55,low_score,C,Em hãy chọn đáp án đúng nhất. Diện tích xung quanh của hình lập phương bằng:,A. Diện tích một mặt nhân với 2 | B. Diện tích một mặt nhân với 3 | C. Diện tích một mặt nhân với 4 | D. Diện tích một mặt nhân với 5
1143,true,5,Trắc nghiệm Diện tích xung quanh và diện tích toàn phần của hình lập phương,https://vietjack.com/toan-5-kn/trac-nghiem-bai-51-dien-tich-xung-quanh-va-dien-tich-toan-phan.jsp,9,250,Chủ đề 3. Hình học và đo lường,"11. Bài 60. Diện tích xung quanh, diện tích toàn phần của hình hộp chữ nhật và hình lập phương",55,low_score,C,Em hãy chọn đáp án đúng nhất. Diện tích toàn phần của hình lập phương bằng:,A. Diện tích một mặt cộng với 6 | B. Diện tích một mặt trừ với 6 | C. Diện tích một mặt nhân với 6 | D. Diện tích một mặt chia với 6
1144,true,5,Trắc nghiệm Diện tích xung quanh và diện tích toàn phần của hình lập phương,https://vietjack.com/toan-5-kn/trac-nghiem-bai-51-dien-tich-xung-quanh-va-dien-tich-toan-phan.jsp,10,250,Chủ đề 3. Hình học và đo lường,"11. Bài 60. Diện tích xung quanh, diện tích toàn phần của hình hộp chữ nhật và hình lập phương",55,low_score,A,Em hãy chọn đáp án đúng nhất. Muốn tìm diện tích xung quanh và diện tích toàn phần của hình lập phương ta cần biết:,A. Số đo cạnh hình lập phương | B. Số đo góc hình lập phương | C. Chu vi mặt đáy hình lập phương | D. Chu vi mặt bên hình lập phương
1145,true,5,Trắc nghiệm Diện tích xung quanh và diện tích toàn phần của hình lập phương,https://vietjack.com/toan-5-kn/trac-nghiem-bai-51-dien-tich-xung-quanh-va-dien-tich-toan-phan.jsp,12,250,Chủ đề 3. Hình học và đo lường,"11. Bài 60. Diện tích xung quanh, diện tích toàn phần của hình hộp chữ nhật và hình lập phương",55,low_score,A,"Đúng ghi Đ, Sai ghi S.",A. Diện tích xung quanh của hình lập phương là tổng diện tích hai mặt đáy của hình lập phương. | B. Diện tích các mặt của hình lập phương bằng nhau.
1179,true,5,Trắc nghiệm Chia số đo thời gian với một số,https://vietjack.com/toan-5-kn/trac-nghiem-chia-so-do-thoi-gian-voi-mot-so.jsp,1,256,Chủ đề 3. Hình học và đo lường,21. Bài 70. Nhân số đo thời gian với một số. Chia số đo thời gian cho một số,51,low_score,C,. Em hãy chọn đáp án đúng nhất. Kết quả của phép tính 15 giờ 24 phút : 3 là:,A. 5 giờ 9 phút | B. 5 giờ 3 phút | C. 5 giờ 8 phút | D. 3 giờ 5 phút
1180,true,5,Trắc nghiệm Chia số đo thời gian với một số,https://vietjack.com/toan-5-kn/trac-nghiem-chia-so-do-thoi-gian-voi-mot-so.jsp,2,256,Chủ đề 3. Hình học và đo lường,21. Bài 70. Nhân số đo thời gian với một số. Chia số đo thời gian cho một số,51,low_score,C,. Em hãy chọn đáp án đúng nhất. Kết quả của phép tính 9 giờ 45 phút : 3 là:,A. 9 giờ 5 phút | B. 18 giờ 15 phút | C. 3 giờ 15 phút | D. 2 giờ 5 phút
1181,true,5,Trắc nghiệm Chia số đo thời gian với một số,https://vietjack.com/toan-5-kn/trac-nghiem-chia-so-do-thoi-gian-voi-mot-so.jsp,3,256,Chủ đề 3. Hình học và đo lường,21. Bài 70. Nhân số đo thời gian với một số. Chia số đo thời gian cho một số,51,low_score,B,. Em hãy chọn đáp án đúng nhất. Số thích hợp điền vào dấu hỏi chấm (?) là: ? phút ? giây : 3 = 3 phút 6 giây,A. 10 và 9 | B. 9 và 18 | C. 10 và 11 | D. 6 và 18
1182,true,5,Trắc nghiệm Chia số đo thời gian với một số,https://vietjack.com/toan-5-kn/trac-nghiem-chia-so-do-thoi-gian-voi-mot-so.jsp,4,256,Chủ đề 3. Hình học và đo lường,21. Bài 70. Nhân số đo thời gian với một số. Chia số đo thời gian cho một số,51,low_score,B,Em hãy chọn đáp án đúng nhất. Số thích hợp điền vào phép tính dưới đây,A. 1 và 2 | B. 2 và 1 | C. 1 và 1 | D. 2 và 2
1183,true,5,Trắc nghiệm Chia số đo thời gian với một số,https://vietjack.com/toan-5-kn/trac-nghiem-chia-so-do-thoi-gian-voi-mot-so.jsp,5,256,Chủ đề 3. Hình học và đo lường,21. Bài 70. Nhân số đo thời gian với một số. Chia số đo thời gian cho một số,51,low_score,A,Em hãy chọn đáp án đúng nhất. Số thích hợp điền vào chỗ chấm là: 8 giờ 30 phút : 2 = ..... giờ ..... phút,A. 4 và 15 | B. 15 và 39 | C. 30 và 15 | D. 15 và 30
1184,true,5,Trắc nghiệm Chia số đo thời gian với một số,https://vietjack.com/toan-5-kn/trac-nghiem-chia-so-do-thoi-gian-voi-mot-so.jsp,6,256,Chủ đề 3. Hình học và đo lường,21. Bài 70. Nhân số đo thời gian với một số. Chia số đo thời gian cho một số,51,low_score,A,Em hãy chọn đáp án đúng nhất. Dấu thích hợp điền vào chỗ chấm là: 25 giờ 10 phút : 5 ….. 5 giờ 8 phút,A. < | B. > | C. =
1170,true,5,Trắc nghiệm Chia số đo thời gian với một số,https://vietjack.com/toan-5-kn/trac-nghiem-chia-so-do-thoi-gian-voi-mot-so.jsp,7,256,Chủ đề 3. Hình học và đo lường,21. Bài 70. Nhân số đo thời gian với một số. Chia số đo thời gian cho một số,51,low_score,C,"Em hãy chọn đáp án đúng nhất. Trong các phép tính dưới đây, phép tính có kết quả lớn nhất là:",A. 2 giờ 6 phút : 2 | B. 8 giờ 5 phút : 5 | C. 6 giờ 15 phút : 3 | D. 8 giờ 16 phút : 4
1185,true,5,Trắc nghiệm Chia số đo thời gian với một số,https://vietjack.com/toan-5-kn/trac-nghiem-chia-so-do-thoi-gian-voi-mot-so.jsp,8,256,Chủ đề 3. Hình học và đo lường,21. Bài 70. Nhân số đo thời gian với một số. Chia số đo thời gian cho một số,51,low_score,A,. Em hãy chọn đáp án đúng nhất. Hoa gấp 10 ngôi sao mất 25 phút. Vậy trung bình thời gian Lan gấp xong 1 ngôi sao là:,"A. 2 phút 30 giây | B. 2,25 phút | C. 1 phút 20 giây | D. 1 phút"
1186,true,5,Trắc nghiệm Chia số đo thời gian với một số,https://vietjack.com/toan-5-kn/trac-nghiem-chia-so-do-thoi-gian-voi-mot-so.jsp,9,256,Chủ đề 3. Hình học và đo lường,21. Bài 70. Nhân số đo thời gian với một số. Chia số đo thời gian cho một số,51,low_score,A,Em hãy chọn đáp án đúng nhất. Thời gian chú Hải đóng xong 6 bộ bàn ghế là 6 giờ 30 phút. Vậy thời gian chú Hải đóng xong 3 bộ bàn ghế là:,A. 3 giờ 15 phút | B. 3 giờ 05 phút | C. 1giờ 05 phút | D. 1 giờ 15 phút
1187,true,5,Trắc nghiệm Chia số đo thời gian với một số,https://vietjack.com/toan-5-kn/trac-nghiem-chia-so-do-thoi-gian-voi-mot-so.jsp,10,256,Chủ đề 3. Hình học và đo lường,21. Bài 70. Nhân số đo thời gian với một số. Chia số đo thời gian cho một số,51,low_score,B,"Em hãy chọn đáp án đúng nhất. Lúc 8 giờ 41 phút, bạn Thái còn 3 bài tập Tiếng Việt và phải hoàn thành vào lúc 9 giờ 5 phút. Vậy để kịp thời gian, trung bình mỗi bài Tiếng Việt bạn Thái phải thực hiện trong:",A. 7 phút | B. 8 phút | C. 9 phút | D. 10 phút
1188,true,5,Trắc nghiệm Chia số đo thời gian với một số,https://vietjack.com/toan-5-kn/trac-nghiem-chia-so-do-thoi-gian-voi-mot-so.jsp,14,256,Chủ đề 3. Hình học và đo lường,21. Bài 70. Nhân số đo thời gian với một số. Chia số đo thời gian cho một số,51,low_score,A,"Điền dấu >, <, = thích hợp vào ô trống",A. 18 giờ 36 phút : 6 ….. 3 giờ 2 phút | B. 2 tuần 4 ngày : 2 ….. 8 ngày
1189,true,5,Trắc nghiệm Biểu đồ hình quạt tròn,https://vietjack.com/toan-5-kn/trac-nghiem-bai-64-bieu-do-hinh-quat-tron.jsp,1,259,Chủ đề 4. Thống kê và xác suất. Ôn tập cuối năm,1. Bài 79. Biểu đồ hình quạt,53,low_score,A,Em hãy chọn đáp án đúng nhất. Số học sinh lựa chọn đùi gà rán chiếm số phần trăm là:,A. 15% | B. 35% | C. 20% | D. 30%
1190,true,5,Trắc nghiệm Biểu đồ hình quạt tròn,https://vietjack.com/toan-5-kn/trac-nghiem-bai-64-bieu-do-hinh-quat-tron.jsp,2,259,Chủ đề 4. Thống kê và xác suất. Ôn tập cuối năm,1. Bài 79. Biểu đồ hình quạt,53,low_score,D,. Em hãy chọn đáp án đúng nhất. Loại đồ ăn vặt được được lựa chọn ít nhất là:,A. Bim bim | B. Xúc xích | C. Khoai tây chiên | D. Đùi gà rán
1191,true,5,Trắc nghiệm Biểu đồ hình quạt tròn,https://vietjack.com/toan-5-kn/trac-nghiem-bai-64-bieu-do-hinh-quat-tron.jsp,3,259,Chủ đề 4. Thống kê và xác suất. Ôn tập cuối năm,1. Bài 79. Biểu đồ hình quạt,53,low_score,B,. Em hãy chọn đáp án đúng nhất. Số bạn lựa chọn bim bim là:,A. 30 bạn | B. 14 bạn | C. 12 bạn | D. 6 bạn
1192,true,5,Trắc nghiệm Biểu đồ hình quạt tròn,https://vietjack.com/toan-5-kn/trac-nghiem-bai-64-bieu-do-hinh-quat-tron.jsp,4,259,Chủ đề 4. Thống kê và xác suất. Ôn tập cuối năm,1. Bài 79. Biểu đồ hình quạt,53,low_score,C,Em hãy chọn đáp án đúng nhất. Số bạn lựa chọn xúc xích là:,A. 20 bạn | B. 14 bạn | C. 12 bạn | D. 6 bạn
1193,true,5,Trắc nghiệm Biểu đồ hình quạt tròn,https://vietjack.com/toan-5-kn/trac-nghiem-bai-64-bieu-do-hinh-quat-tron.jsp,5,259,Chủ đề 4. Thống kê và xác suất. Ôn tập cuối năm,1. Bài 79. Biểu đồ hình quạt,53,low_score,D,Em hãy chọn đáp án đúng nhất. Số bạn lựa chọn đùi gà rán là:,A. 20 bạn | B. 14 bạn | C. 12 bạn | D. 6 bạn
1194,true,5,Trắc nghiệm Biểu đồ hình quạt tròn,https://vietjack.com/toan-5-kn/trac-nghiem-bai-64-bieu-do-hinh-quat-tron.jsp,6,259,Chủ đề 4. Thống kê và xác suất. Ôn tập cuối năm,1. Bài 79. Biểu đồ hình quạt,53,low_score,B,. Em hãy chọn đáp án đúng nhất. Tỉ số phần trăm số cây quýt trong vườn là:,A. 20% | B. 19% | C. 25% | D. 26%
1195,true,5,Trắc nghiệm Biểu đồ hình quạt tròn,https://vietjack.com/toan-5-kn/trac-nghiem-bai-64-bieu-do-hinh-quat-tron.jsp,7,259,Chủ đề 4. Thống kê và xác suất. Ôn tập cuối năm,1. Bài 79. Biểu đồ hình quạt,53,low_score,C,. Em hãy chọn đáp án đúng nhất. Loại cây được trồng nhiều nhất trong vườn là:,A. Na | B. Cam | C. Bưởi | D. Quýt
1196,true,5,Trắc nghiệm Biểu đồ hình quạt tròn,https://vietjack.com/toan-5-kn/trac-nghiem-bai-64-bieu-do-hinh-quat-tron.jsp,9,259,Chủ đề 4. Thống kê và xác suất. Ôn tập cuối năm,1. Bài 79. Biểu đồ hình quạt,53,low_score,B,". Em hãy chọn đáp án đúng nhất. Trong vườn, số cây bưởi nhiều hơn số cây cam là:",A. 2% | B. 4% | C. 10% | D. 8%
1197,true,5,Trắc nghiệm Biểu đồ hình quạt tròn,https://vietjack.com/toan-5-kn/trac-nghiem-bai-64-bieu-do-hinh-quat-tron.jsp,10,259,Chủ đề 4. Thống kê và xác suất. Ôn tập cuối năm,1. Bài 79. Biểu đồ hình quạt,53,low_score,A,Em hãy chọn đáp án đúng nhất. Tên các loại cây trong vườn nhà Hoa được sắp xếp theo số lượng từ ít đến nhiều là:,"A. Quýt, Na, Cam, Bưởi | B. Quýt, Na, Bưởi, Vam | C. Bưởi, Cam, Quýt, Na | D. Bưởi, Cam, Na, Quýt"
1198,true,5,Trắc nghiệm Biểu đồ hình quạt tròn,https://vietjack.com/toan-5-kn/trac-nghiem-bai-64-bieu-do-hinh-quat-tron.jsp,11,259,Chủ đề 4. Thống kê và xác suất. Ôn tập cuối năm,1. Bài 79. Biểu đồ hình quạt,53,low_score,A,Điền số thích hợp vào ô trống Mỗi ngày cửa hàng của chị Lan đều bán được 50 kg trái cây. Tỉ số phần trăm của từng loại trái cây mà chị đã bán được thể hiện trong biểu đồ dưới đây:,"A. Cửa hàng của chị Lan bán được tổng số phần trăm các loại quả Lê, Cam, Táo là .....% | B. Cửa hàng của chị Lan bán được … kg nho | C. Cửa hàng của chị Lan bán được … kg lê"
1199,true,5,Trắc nghiệm Biểu đồ hình quạt tròn,https://vietjack.com/toan-5-kn/trac-nghiem-bai-64-bieu-do-hinh-quat-tron.jsp,14,259,Chủ đề 4. Thống kê và xác suất. Ôn tập cuối năm,1. Bài 79. Biểu đồ hình quạt,53,low_score,A,"Từ đề bài Câu 11, em hãy điền Đúng hoặc Sai vào các phát biểu sau:","A. Khối lượng Lê bán được ít nhất. | B. Hàng ngày, chị Lan bán được nhiều cam nhất | C. Chị Lan bán được 20 kg nho mỗi ngày"
1210,true,5,Trắc nghiệm Ôn tập số thập phân,https://vietjack.com/toan-5-kn/trac-nghiem-on-tap-so-thap-phan.jsp,1,217,"Chủ đề 1. Ôn tập và bổ sung về số tự nhiên, phân số. Số thập phân",12. Bài 12. Phân số thập phân,60,low_score|ambiguous_match,C,Em hãy chọn đáp án đúng nhất. Số thập phân “Sáu trăm linh tám phẩy một nghìn ba trăm hai mươi chín” viết là:,"A. 0,6 | B. 608,3192 | C. 608,1329 | D. 608,3129"
1211,true,5,Trắc nghiệm Ôn tập số thập phân,https://vietjack.com/toan-5-kn/trac-nghiem-on-tap-so-thap-phan.jsp,2,217,"Chủ đề 1. Ôn tập và bổ sung về số tự nhiên, phân số. Số thập phân",12. Bài 12. Phân số thập phân,60,low_score|ambiguous_match,A,"Em hãy chọn đáp án đúng nhất. Số thập phân 908,36 được đọc là:",A. Chín trăm linh tám phẩy ba mươi sáu. | B. Chín linh tám phẩy ba sáu. | C. Chín tám phẩy ba mươi sáu. | D. Chính tám phẩy ba sáu.
1212,true,5,Trắc nghiệm Ôn tập số thập phân,https://vietjack.com/toan-5-kn/trac-nghiem-on-tap-so-thap-phan.jsp,3,217,"Chủ đề 1. Ôn tập và bổ sung về số tự nhiên, phân số. Số thập phân",12. Bài 12. Phân số thập phân,60,low_score|ambiguous_match,C,. Em hãy chọn đáp án đúng nhất. Hỗn số 4 5 8 được viết dưới dạng số thập phân là:,"A. 3,625 | B. 0,625 | C. 4,625 | D. 1,525"
1213,true,5,Trắc nghiệm Ôn tập số thập phân,https://vietjack.com/toan-5-kn/trac-nghiem-on-tap-so-thap-phan.jsp,4,217,"Chủ đề 1. Ôn tập và bổ sung về số tự nhiên, phân số. Số thập phân",12. Bài 12. Phân số thập phân,60,low_score|ambiguous_match,D,"Em hãy chọn đáp án đúng nhất. Cho các số thập phân sau: 34,132; 34,147; 34,154; 34,163. Số thập phân lớn nhất là:","A. 34,132 | B. 34,147 | C. 34,154 | D. 34,163"
1214,true,5,Trắc nghiệm Ôn tập số thập phân,https://vietjack.com/toan-5-kn/trac-nghiem-on-tap-so-thap-phan.jsp,5,217,"Chủ đề 1. Ôn tập và bổ sung về số tự nhiên, phân số. Số thập phân",12. Bài 12. Phân số thập phân,60,low_score|ambiguous_match,B,"Em hãy chọn đáp án đúng nhất. Chọn dấu thích hợp cần điền: 25,123 ..... 25,067",A. < | B. > | C. =
1215,true,5,Trắc nghiệm Ôn tập số thập phân,https://vietjack.com/toan-5-kn/trac-nghiem-on-tap-so-thap-phan.jsp,6,217,"Chủ đề 1. Ôn tập và bổ sung về số tự nhiên, phân số. Số thập phân",12. Bài 12. Phân số thập phân,60,low_score|ambiguous_match,A,". Em hãy chọn đáp án đúng nhất. Làm tròn số thập phân 1 324,56 đến hàng phần mười ta được:","A. 1 324,6 | B. 1 324,56 | C. 1 324 | D. 1 324, 5"
1216,true,5,Trắc nghiệm Ôn tập số thập phân,https://vietjack.com/toan-5-kn/trac-nghiem-on-tap-so-thap-phan.jsp,7,217,"Chủ đề 1. Ôn tập và bổ sung về số tự nhiên, phân số. Số thập phân",12. Bài 12. Phân số thập phân,60,low_score|ambiguous_match,B,". Em hãy chọn đáp án đúng nhất. Số thích hợp điền vào dấu hỏi chấm ( ? ) là: 568,215 < 56?,215 < 570,215",A. 8 | B. 9 | C. 7 | D. 0
1217,true,5,Trắc nghiệm Ôn tập số thập phân,https://vietjack.com/toan-5-kn/trac-nghiem-on-tap-so-thap-phan.jsp,8,217,"Chủ đề 1. Ôn tập và bổ sung về số tự nhiên, phân số. Số thập phân",12. Bài 12. Phân số thập phân,60,low_score|ambiguous_match,C,". Em hãy chọn đáp án đúng nhất. Sắp xếp các số 5,783; 4,387, 4,873; 5,378 theo thứ tự từ bé đến lớn.","A. 5,783; 4,387; 4,873; 5,378 | B. 5,783; 5,378; 4,387; 4,873 | C. 4,387; 4,873; 5,378; 5,783 | D. 4,873; 5,378; 5,783; 4,387"
1218,true,5,Trắc nghiệm Ôn tập số thập phân,https://vietjack.com/toan-5-kn/trac-nghiem-on-tap-so-thap-phan.jsp,9,217,"Chủ đề 1. Ôn tập và bổ sung về số tự nhiên, phân số. Số thập phân",12. Bài 12. Phân số thập phân,60,low_score|ambiguous_match,C,Em hãy chọn đáp án đúng nhất. Số thập phân gồm có bao nhiêu thành phần?,"A. Một thành phần, đó là phần nguyên. | B. Một thành phần, đó là phần thập phân. | C. Hai thành phần, đó là phần nguyên và phần thập phân."
1219,true,5,Trắc nghiệm Ôn tập số thập phân,https://vietjack.com/toan-5-kn/trac-nghiem-on-tap-so-thap-phan.jsp,10,217,"Chủ đề 1. Ôn tập và bổ sung về số tự nhiên, phân số. Số thập phân",12. Bài 12. Phân số thập phân,60,low_score|ambiguous_match,D,"Em hãy chọn đáp án đúng nhất. Trong các số sau, số nào là số thập phân","A. 0,7 | B. 25,4 | C. 0,097 | D. Tất cả các đáp án đều đúng"
1220,true,5,Trắc nghiệm Ôn tập số thập phân,https://vietjack.com/toan-5-kn/trac-nghiem-on-tap-so-thap-phan.jsp,11,217,"Chủ đề 1. Ôn tập và bổ sung về số tự nhiên, phân số. Số thập phân",12. Bài 12. Phân số thập phân,60,low_score|ambiguous_match,A,Kéo thả số thích hợp vào ô trống,A. Số “Ba trăm hai mươi phẩy sáu mươi hai” được viết là: … | B. Số “Ba trăm linh tám phẩy chín trăm ba mươi tư” được viết là: … | C. Số “Bốn trăm linh một phẩy hai mươi bảy” được viết là: …
1221,true,5,Trắc nghiệm Ôn tập số thập phân,https://vietjack.com/toan-5-kn/trac-nghiem-on-tap-so-thap-phan.jsp,13,217,"Chủ đề 1. Ôn tập và bổ sung về số tự nhiên, phân số. Số thập phân",12. Bài 12. Phân số thập phân,60,low_score|ambiguous_match,A,. Điền dấu >; <; = thích hợp vào ô trống,"A. 5,23 ….. 52,3 | B. 8,23 ….. 8,231"
1222,true,5,Trắc nghiệm Ôn tập số thập phân,https://vietjack.com/toan-5-kn/trac-nghiem-on-tap-so-thap-phan.jsp,15,217,"Chủ đề 1. Ôn tập và bổ sung về số tự nhiên, phân số. Số thập phân",12. Bài 12. Phân số thập phân,60,low_score|ambiguous_match,A,"Đúng ghi Đ, sai ghi S Phân số 19 8 viết thành số thập phân là 2,375 Phân số 5 100 viết thành só thập phân là 0,5 5123 m = 51,23 km","A. Phân số 19 8 viết thành số thập phân là 2,375 Đ b) Phân số 5 100 viết thành số thập phân là 0,5 S c) 5123 m = 51,23 km S Giải thích a) 19 8 = 2 375 1 000 = 2 , 375 b) 5 100 = 0 , 05 c) 5 123 m = 5 123 1 000 km = 5,123 km | B. Phân số 5 100 viết thành số thập phân là 0,5 | C. 5123 m = 51,23 km"
1223,true,5,Trắc nghiệm Ôn tập các phép tính với số thập phân,https://vietjack.com/toan-5-kn/trac-nghiem-on-tap-cac-phep-tinh-voi-so-thap-phan.jsp,1,227,Chủ đề 2. Các phép tính với số thập phân,1. Bài 25. Cộng các số thập phân,51,low_score|ambiguous_match,A,"Em hãy chọn đáp án đúng nhất Kết quả của biểu thức 5,45 × 45,2 – 5,45 × 25,2 là:","A. 109 | B. 901 | C. 6 070,428 | D. 190"
1224,true,5,Trắc nghiệm Ôn tập các phép tính với số thập phân,https://vietjack.com/toan-5-kn/trac-nghiem-on-tap-cac-phep-tinh-voi-so-thap-phan.jsp,2,227,Chủ đề 2. Các phép tính với số thập phân,1. Bài 25. Cộng các số thập phân,51,low_score|ambiguous_match,B,"Em hãy chọn đáp án đúng nhất Kết quả của phép tính 8,94 × 1,8 là:","A. 10,74 | B. 16,092 | C. 4,9 | D. 7,14"
1225,true,5,Trắc nghiệm Ôn tập các phép tính với số thập phân,https://vietjack.com/toan-5-kn/trac-nghiem-on-tap-cac-phep-tinh-voi-so-thap-phan.jsp,3,227,Chủ đề 2. Các phép tính với số thập phân,1. Bài 25. Cộng các số thập phân,51,low_score|ambiguous_match,A,"Em hãy chọn đáp án đúng nhất Kết quả của phép tính 45,09 – 3,91 là:","A. 41,18 | B. 49 | C. 11,5 | D. 176,3"
1226,true,5,Trắc nghiệm Ôn tập các phép tính với số thập phân,https://vietjack.com/toan-5-kn/trac-nghiem-on-tap-cac-phep-tinh-voi-so-thap-phan.jsp,4,227,Chủ đề 2. Các phép tính với số thập phân,1. Bài 25. Cộng các số thập phân,51,low_score|ambiguous_match,B,". Em hãy chọn đáp án đúng nhất Trong các phép tính dưới đây, phép tính có kết quả nhỏ nhất là:","A. 3,38 – 2,1 | B. 2,64 – 2,05 | C. 2,01 + 1,2 | D. 2,1 + 1,13"
1227,true,5,Trắc nghiệm Ôn tập các phép tính với số thập phân,https://vietjack.com/toan-5-kn/trac-nghiem-on-tap-cac-phep-tinh-voi-so-thap-phan.jsp,5,227,Chủ đề 2. Các phép tính với số thập phân,1. Bài 25. Cộng các số thập phân,51,low_score|ambiguous_match,B,". Em hãy chọn đáp án đúng nhất Buổi sáng cô Hoa đã bán được 30 kg gạo cho 3 người. Người thứ nhất mua 7,8 kg gạo, người thứ hai mua nhiều hơn người thứ nhất 850 g gạo. Người thứ ba mua số ki-lô-gam gạo là:","A. 13,5 kg | B. 13,55 kg | C. 18,75 kg | D. 18,7 kg"
1228,true,5,Trắc nghiệm Ôn tập các phép tính với số thập phân,https://vietjack.com/toan-5-kn/trac-nghiem-on-tap-cac-phep-tinh-voi-so-thap-phan.jsp,6,227,Chủ đề 2. Các phép tính với số thập phân,1. Bài 25. Cộng các số thập phân,51,low_score|ambiguous_match,D,". Em hãy chọn đáp án đúng nhất Có ba tổ công nhân tham gia đắp đường. Số mét đường của tổ một và tổ hai đắp được là 120 m, cả ba tổ đắp được 210,4 m. Vậy số mét đường của tổ ba đắp được sau khi làm tròn đến hàng đơn vị là:","A. 67 m | B. 59,9 m | C. 74 m | D. 90 m"
1229,true,5,Trắc nghiệm Ôn tập các phép tính với số thập phân,https://vietjack.com/toan-5-kn/trac-nghiem-on-tap-cac-phep-tinh-voi-so-thap-phan.jsp,7,227,Chủ đề 2. Các phép tính với số thập phân,1. Bài 25. Cộng các số thập phân,51,low_score|ambiguous_match,C,". Em hãy chọn đáp án đúng nhất Có 3 xe chở gạo, xe thứ nhất chở 1,5 tấn gạo, xe thứ hai chở 1,15 tấn gạo. Xe thứ ba chở nhiều hơn xe thứ hai 400 kg gạo. Vậy trung bình mỗi xe chở được số tấn gạo là:","A. 1,2 tấn gạo | B. 1,3 tấn gạo | C. 1,4 tấn gạo | D. 1,25 tấn gạo"
1230,true,5,Trắc nghiệm Ôn tập các phép tính với số thập phân,https://vietjack.com/toan-5-kn/trac-nghiem-on-tap-cac-phep-tinh-voi-so-thap-phan.jsp,8,227,Chủ đề 2. Các phép tính với số thập phân,1. Bài 25. Cộng các số thập phân,51,low_score|ambiguous_match,B,"Em hãy chọn đáp án đúng nhất Kết quả của phép tính 0,506 × 100 là:","A. 5,06 | B. 50,6 | C. 0,0506 | D. 0,00506"
1231,true,5,Trắc nghiệm Ôn tập các phép tính với số thập phân,https://vietjack.com/toan-5-kn/trac-nghiem-on-tap-cac-phep-tinh-voi-so-thap-phan.jsp,9,227,Chủ đề 2. Các phép tính với số thập phân,1. Bài 25. Cộng các số thập phân,51,low_score|ambiguous_match,B,"Em hãy chọn đáp án đúng nhất Điền dấu thích hợp vào chỗ chấm. 23,6 + 1,2 ..... 13,9 + 7,1",A. < | B. > | C. =
1232,true,5,Trắc nghiệm Ôn tập các phép tính với số thập phân,https://vietjack.com/toan-5-kn/trac-nghiem-on-tap-cac-phep-tinh-voi-so-thap-phan.jsp,10,227,Chủ đề 2. Các phép tính với số thập phân,1. Bài 25. Cộng các số thập phân,51,low_score|ambiguous_match,A,"Em hãy chọn đáp án đúng nhất. Kết quả của phép chia 2,31 : 3 là:","A. 0,77 | B. 7,7 | C. 6,93 | D. 69,3"
1000,true,5,Trắc nghiệm Ôn tập các phép tính với số thập phân,https://vietjack.com/toan-5-kn/trac-nghiem-on-tap-cac-phep-tinh-voi-so-thap-phan.jsp,11,227,Chủ đề 2. Các phép tính với số thập phân,1. Bài 25. Cộng các số thập phân,51,low_score|ambiguous_match,A,Điền số thích hợp vào ô trống,"A. 23,1 + 18,03 = … | B. 12,42 : 2,3 = …"
1233,true,5,Trắc nghiệm Ôn tập các phép tính với số thập phân,https://vietjack.com/toan-5-kn/trac-nghiem-on-tap-cac-phep-tinh-voi-so-thap-phan.jsp,12,227,Chủ đề 2. Các phép tính với số thập phân,1. Bài 25. Cộng các số thập phân,51,low_score|ambiguous_match,A,. Điền dấu >; <; = thích hợp vào ô trống,"A. 2,108 ….. 4,002 – 1,201 | B. 7,98 ….. 5,86 + 2,15"
1000,true,5,Trắc nghiệm Ôn tập các phép tính với số thập phân,https://vietjack.com/toan-5-kn/trac-nghiem-on-tap-cac-phep-tinh-voi-so-thap-phan.jsp,15,227,Chủ đề 2. Các phép tính với số thập phân,1. Bài 25. Cộng các số thập phân,51,low_score|ambiguous_match,A,Điền số thích hợp vào ô trống,"A. 0,253 × 0,01 = … | B. 568,25 : 1 000 = …"
1234,true,5,"Trắc nghiệm Ôn tập tỉ số, tỉ số phần trăm",https://vietjack.com/toan-5-kn/trac-nghiem-bai-70-on-tap-ti-so-ti-so-phan-tram.jsp,1,236,Chủ đề 2. Các phép tính với số thập phân,16. Bài 40. Tỉ số phần trăm,53,low_score,C,Em hãy chọn đáp án đúng nhất. Tỉ số phần trăm của 13 và 65 là:,"A. 0,20% | B. 2% | C. 20% | D. 200%"
1235,true,5,"Trắc nghiệm Ôn tập tỉ số, tỉ số phần trăm",https://vietjack.com/toan-5-kn/trac-nghiem-bai-70-on-tap-ti-so-ti-so-phan-tram.jsp,2,236,Chủ đề 2. Các phép tính với số thập phân,16. Bài 40. Tỉ số phần trăm,53,low_score,C,. Em hãy chọn đáp án đúng nhất. Lớp 2A có 40 học sinh trong đó có 16 học sinh nữ. Tỉ số giữa số học sinh nữ so với tổng số học sinh của cả lớp là:,A. 5 2 | B. 5 3 | C. 2 5 | D. 3 5
1236,true,5,"Trắc nghiệm Ôn tập tỉ số, tỉ số phần trăm",https://vietjack.com/toan-5-kn/trac-nghiem-bai-70-on-tap-ti-so-ti-so-phan-tram.jsp,3,236,Chủ đề 2. Các phép tính với số thập phân,16. Bài 40. Tỉ số phần trăm,53,low_score,A,. Em hãy chọn đáp án đúng nhất. 40% của 60 kg là:,A. 24 kg | B. 76 kg | C. 15 kg | D. 20 kg
1237,true,5,"Trắc nghiệm Ôn tập tỉ số, tỉ số phần trăm",https://vietjack.com/toan-5-kn/trac-nghiem-bai-70-on-tap-ti-so-ti-so-phan-tram.jsp,4,236,Chủ đề 2. Các phép tính với số thập phân,16. Bài 40. Tỉ số phần trăm,53,low_score,A,". Em hãy chọn đáp án đúng nhất. Trên bản đồ tỉ lệ 1 : 1 000, một khu đất hình chữ nhật có chiều dài 80 cm và chiều rộng 50 cm. Vậy diện tích trong thực tế của khu đất đó là:",A. 400 000 m 2 | B. 40 000 m 2 | C. 4 000 m 2 | D. 400 m 2
1238,true,5,"Trắc nghiệm Ôn tập tỉ số, tỉ số phần trăm",https://vietjack.com/toan-5-kn/trac-nghiem-bai-70-on-tap-ti-so-ti-so-phan-tram.jsp,5,236,Chủ đề 2. Các phép tính với số thập phân,16. Bài 40. Tỉ số phần trăm,53,low_score,C,"Em hãy chọn đáp án đúng nhất. Một mảnh vườn có diện tích bằng 696 m 2 . Người ta dành 20% diện tích mảnh vườn để trồng rau và 30% diện tích mảnh vườn để trồng hoa, diện tích còn lại dùng để trồng cây ăn quả. Vậy diện tích trồng cây ăn quả là:",A. 384 m 2 | B. 340 m 2 | C. 348 m 2 | D. 843 m 2
1239,true,5,"Trắc nghiệm Ôn tập tỉ số, tỉ số phần trăm",https://vietjack.com/toan-5-kn/trac-nghiem-bai-70-on-tap-ti-so-ti-so-phan-tram.jsp,6,236,Chủ đề 2. Các phép tính với số thập phân,16. Bài 40. Tỉ số phần trăm,53,low_score,C,. Em hãy chọn đáp án đúng nhất. Tỉ số của 17 và 25 là:,A. 68% | B. 68 | C. 17 25 | D. 86%
1240,true,5,"Trắc nghiệm Ôn tập tỉ số, tỉ số phần trăm",https://vietjack.com/toan-5-kn/trac-nghiem-bai-70-on-tap-ti-so-ti-so-phan-tram.jsp,7,236,Chủ đề 2. Các phép tính với số thập phân,16. Bài 40. Tỉ số phần trăm,53,low_score,A,. Em hãy chọn đáp án đúng nhất. 54% được viết dưới dạng phân số là:,A. 27 50 | B. 7 50 | C. 14 25 | D. 50 27
1241,true,5,"Trắc nghiệm Ôn tập tỉ số, tỉ số phần trăm",https://vietjack.com/toan-5-kn/trac-nghiem-bai-70-on-tap-ti-so-ti-so-phan-tram.jsp,8,236,Chủ đề 2. Các phép tính với số thập phân,16. Bài 40. Tỉ số phần trăm,53,low_score,D,Em hãy chọn đáp án đúng nhất. 40% của 230 kg là:,"A. 57,5 kg | B. 57 kg | C. 138 kg | D. 92 kg"
1242,true,5,"Trắc nghiệm Ôn tập tỉ số, tỉ số phần trăm",https://vietjack.com/toan-5-kn/trac-nghiem-bai-70-on-tap-ti-so-ti-so-phan-tram.jsp,9,236,Chủ đề 2. Các phép tính với số thập phân,16. Bài 40. Tỉ số phần trăm,53,low_score,C,"Em hãy chọn đáp án đúng nhất. Lớp 2A có 45 học sinh, trong đó có 18 bạn học sinh nam. Tỉ số của số học sinh nữ và số học sinh cả lớp là:",A. 28 18 | B. 5 3 | C. 3 5 | D. 45 27
1243,true,5,"Trắc nghiệm Ôn tập tỉ số, tỉ số phần trăm",https://vietjack.com/toan-5-kn/trac-nghiem-bai-70-on-tap-ti-so-ti-so-phan-tram.jsp,10,236,Chủ đề 2. Các phép tính với số thập phân,16. Bài 40. Tỉ số phần trăm,53,low_score,B,. Em hãy chọn đáp án đúng nhất. Biết 60% của một bao ngô là 24 kg. Vậy 2 5 bao ngô đó nặng số ki-lô-gam là:,"A. 24 kg | B. 16 kg | C. 9,6 kg | D. 14,4 kg"
1244,true,5,"Trắc nghiệm Ôn tập tỉ số, tỉ số phần trăm",https://vietjack.com/toan-5-kn/trac-nghiem-bai-70-on-tap-ti-so-ti-so-phan-tram.jsp,14,236,Chủ đề 2. Các phép tính với số thập phân,16. Bài 40. Tỉ số phần trăm,53,low_score,A,Điền số thích hợp vào ô trống,"A. 23,8 % + 51,3 % = ……% | B. 26,3 % : 2 = ……%"
1245,true,6,Chương 1: Số tự nhiên,https://vietjack.com/toan-6-canh-dieu/trac-nghiem-chuong-1-so-tu-nhien.jsp,1,262,CHƯƠNG 1.SỐ TỰ NHIÊN,Bài 1. Tập hợp,92,ambiguous_match,D,Các viết tập hợp nào sau đây đúng?,"A. A = [1; 2; 3; 4] | B. A = (1; 2; 3; 4) | C. A = { 1, 2, 3, 4} | D. A = {1; 2; 3; 4}"
1246,true,6,Chương 1: Số tự nhiên,https://vietjack.com/toan-6-canh-dieu/trac-nghiem-chuong-1-so-tu-nhien.jsp,3,262,CHƯƠNG 1.SỐ TỰ NHIÊN,Bài 1. Tập hợp,92,ambiguous_match,A,"Cho các cách viết sau: A = { a, b, c, d}; B = {2; 13; 45}; C = (1; 2; 3); D = 1. Có bao nhiêu cách viết tập hợp là đúng trong các cách viết trên?",A. 1 | B. 2 | C. 3 | D. 4
1247,true,6,Chương 1: Số tự nhiên,https://vietjack.com/toan-6-canh-dieu/trac-nghiem-chuong-1-so-tu-nhien.jsp,4,262,CHƯƠNG 1.SỐ TỰ NHIÊN,Bài 1. Tập hợp,92,ambiguous_match,C,Cho M = { 2; 3; b; c}. Chọn câu sai.,A. 3 ∈ M | B. a ∉ M | C. d ∈ M | D. c ∈ M
1248,true,6,Chương 1: Số tự nhiên,https://vietjack.com/toan-6-canh-dieu/trac-nghiem-chuong-1-so-tu-nhien.jsp,5,262,CHƯƠNG 1.SỐ TỰ NHIÊN,Bài 1. Tập hợp,92,ambiguous_match,C,"Tập hợp H gồm các phần tử là: cầu lông, bóng bàn, bóng chuyền, bóng đá, bóng rổ. Viết tập hợp H theo ta được:","A. H = cầu lông, bóng bàn, bóng chuyền, bóng đá, bóng rổ | B. H = {cầu lông, bóng bàn, bóng chuyền, bóng đá, bóng rổ} | C. H = {cầu lông; bóng bàn; bóng chuyền; bóng đá; bóng rổ} | D. H = [cầu lông; bóng bàn; bóng chuyền; bóng đá; bóng rổ]"
1249,true,6,Chương 1: Số tự nhiên,https://vietjack.com/toan-6-canh-dieu/trac-nghiem-chuong-1-so-tu-nhien.jsp,1,262,CHƯƠNG 1.SỐ TỰ NHIÊN,Bài 1. Tập hợp,92,ambiguous_match,C,Đọc số sau: 21 515,A. Hai một năm một năm | B. Hai mươi một nghìn năm trăm mười năm | C. Hai mươi mốt nghìn năm trăm mười lăm | D. Hai mốt nghìn năm trăm mười lăm
1250,true,6,Chương 1: Số tự nhiên,https://vietjack.com/toan-6-canh-dieu/trac-nghiem-chuong-1-so-tu-nhien.jsp,2,262,CHƯƠNG 1.SỐ TỰ NHIÊN,Bài 1. Tập hợp,92,ambiguous_match,D,Tập hợp các số tự nhiên khác 0 được kí hiệu là:,A. N | B. N | C. N+ | D. N *
1251,true,6,Chương 1: Số tự nhiên,https://vietjack.com/toan-6-canh-dieu/trac-nghiem-chuong-1-so-tu-nhien.jsp,3,262,CHƯƠNG 1.SỐ TỰ NHIÊN,Bài 1. Tập hợp,92,ambiguous_match,A,Số tự nhiên nhỏ nhất là?,A. 0 | B. 1 | C. 2 | D. 3
1252,true,6,Chương 1: Số tự nhiên,https://vietjack.com/toan-6-canh-dieu/trac-nghiem-chuong-1-so-tu-nhien.jsp,4,262,CHƯƠNG 1.SỐ TỰ NHIÊN,Bài 1. Tập hợp,92,ambiguous_match,B,Trường hợp nào sau đây chỉ tập hợp số tự nhiên?,A. {1; 2; 3; 4; …} | B. {0; 1; 2; 3; 4; …} | C. {0; 1; 2; 3; 4; …} | D. {0; 1; 2; 3; 4; 5; 6; 7; 8; 9; 10}
1253,true,6,Chương 1: Số tự nhiên,https://vietjack.com/toan-6-canh-dieu/trac-nghiem-chuong-1-so-tu-nhien.jsp,5,262,CHƯƠNG 1.SỐ TỰ NHIÊN,Bài 1. Tập hợp,92,ambiguous_match,A,Viết số sau: Hai tỉ hai trăm hai mươi hai triệu ba trăm chín mươi lăm nghìn năm trăm sáu mươi bảy.,A. 2 222 395 567 | B. 2 202 395 567 | C. 2 000 395 567 | D. 2 222 296 567
1502,true,6,Chương 2: Số nguyên,https://vietjack.com/toan-6-canh-dieu/trac-nghiem-chuong-2-so-nguyen.jsp,1,275,CHƯƠNG 2.SỐ NGUYÊN,Bài 1. Số nguyên âm,92,ambiguous_match,D,Chọn đáp án sai. Số – 64 được đọc là:,A. Âm sáu mươi tư | B. Trừ sáu mươi tư | C. Âm sáu mươi bốn | D. Sáu mươi bốn
1503,true,6,Chương 2: Số nguyên,https://vietjack.com/toan-6-canh-dieu/trac-nghiem-chuong-2-so-nguyen.jsp,2,275,CHƯƠNG 2.SỐ NGUYÊN,Bài 1. Số nguyên âm,92,ambiguous_match,B,Viết số sau: âm bốn trăm hai mươi ba.,A. 423 | B. – 423 | C. 234 | D. + 423
1504,true,6,Chương 2: Số nguyên,https://vietjack.com/toan-6-canh-dieu/trac-nghiem-chuong-2-so-nguyen.jsp,3,275,CHƯƠNG 2.SỐ NGUYÊN,Bài 1. Số nguyên âm,92,ambiguous_match,B,Cho các số: – 8; – 67; 0; 23; 58. Có bao nhiêu số nguyên âm trong các số đã cho?,A. 1 | B. 2 | C. 3 | D. 4
1505,true,6,Chương 2: Số nguyên,https://vietjack.com/toan-6-canh-dieu/trac-nghiem-chuong-2-so-nguyen.jsp,4,275,CHƯƠNG 2.SỐ NGUYÊN,Bài 1. Số nguyên âm,92,ambiguous_match,A,Bảng dưới đây cho biết nhiệt độ ở một số thành phố thuộc vùng xứ lạnh trong một ngày mùa đông: Thành phố Nhiệt độ Moscow – 9°C Saint Peterburg – 8°C Vladivostok – 12°C Hãy cho biết nhiệt độ của thành phố Saint Peterburg?,A. – 8°C | B. – 9°C | C. – 10°C | D. – 12°C
1506,true,6,Chương 2: Số nguyên,https://vietjack.com/toan-6-canh-dieu/trac-nghiem-chuong-2-so-nguyen.jsp,5,275,CHƯƠNG 2.SỐ NGUYÊN,Bài 1. Số nguyên âm,92,ambiguous_match,C,"Theo bảng ở Câu 4 , hãy cho biết nhiệt độ của thành phố Moscow trong một ngày mùa đông là:",A. âm tám độ C | B. âm mười độ C | C. âm chín độ C | D. chín độ C
1507,true,6,Chương 2: Số nguyên,https://vietjack.com/toan-6-canh-dieu/trac-nghiem-chuong-2-so-nguyen.jsp,1,275,CHƯƠNG 2.SỐ NGUYÊN,Bài 1. Số nguyên âm,92,ambiguous_match,C,Tập hợp các số nguyên kí hiệu là:,A. N | B. N * | C. Z | D. Z *
1508,true,6,Chương 2: Số nguyên,https://vietjack.com/toan-6-canh-dieu/trac-nghiem-chuong-2-so-nguyen.jsp,2,275,CHƯƠNG 2.SỐ NGUYÊN,Bài 1. Số nguyên âm,92,ambiguous_match,A,Chọn câu đúng.,A. Số 0 không phải là số nguyên | B. Số 0 là số nguyên âm | C. Số 0 là số nguyên dương | D. Số 0 là số nguyên
1509,true,6,Chương 2: Số nguyên,https://vietjack.com/toan-6-canh-dieu/trac-nghiem-chuong-2-so-nguyen.jsp,3,275,CHƯƠNG 2.SỐ NGUYÊN,Bài 1. Số nguyên âm,92,ambiguous_match,B,Phát biểu nào sau đây đúng?,A. – 10 ∈ N | B. – 10 ∈ Z | C. – 10 ∉ Z | D. – 10 ∈ N *
1510,true,6,Chương 2: Số nguyên,https://vietjack.com/toan-6-canh-dieu/trac-nghiem-chuong-2-so-nguyen.jsp,4,275,CHƯƠNG 2.SỐ NGUYÊN,Bài 1. Số nguyên âm,92,ambiguous_match,D,Chọn câu sai?,A. Z = {0; 1; 2; 3; ….} | B. Z = {….; - 3; - 2; - 1; 0} | C. Z = {...; -2; -1; 0; 1; 2; ...} | D. Z = {...; -2; -1; 1; 2; ...}
1511,true,6,Chương 2: Số nguyên,https://vietjack.com/toan-6-canh-dieu/trac-nghiem-chuong-2-so-nguyen.jsp,5,275,CHƯƠNG 2.SỐ NGUYÊN,Bài 1. Số nguyên âm,92,ambiguous_match,D,Chọn câu đúng:,A. 6 ∈ N | B. 9 ∉ N | C. – 9 ∈ N | D. -19 ∈ Z
1629,true,6,Chương 3: Hình học trực quan,https://vietjack.com/toan-6-canh-dieu/trac-nghiem-chuong-3-hinh-hoc-truc-quan.jsp,1,281,CHƯƠNG 3. HÌNH HỌC TRỰC QUAN,Bài 1. Tam giác đều. Hình vuông. Lục giác đều,92,ambiguous_match,A,. Phát biểu nào sau đây sai ?,A. Hình lục giác đều có 6 đỉnh | B. Hình lục giác đều có 6 cạnh | C. Hình lục giác đều có 6 đường chéo chính | D. Hình lục giác đều có 6 góc
1630,true,6,Chương 3: Hình học trực quan,https://vietjack.com/toan-6-canh-dieu/trac-nghiem-chuong-3-hinh-hoc-truc-quan.jsp,2,281,CHƯƠNG 3. HÌNH HỌC TRỰC QUAN,Bài 1. Tam giác đều. Hình vuông. Lục giác đều,92,ambiguous_match,C,"Cho hình lục giác đều MNPQRH, phát biểu nào sai ?",A. MQ = NR | B. MH = RQ | C. MN = HR | D. MH = MQ
1631,true,6,Chương 3: Hình học trực quan,https://vietjack.com/toan-6-canh-dieu/trac-nghiem-chuong-3-hinh-hoc-truc-quan.jsp,3,281,CHƯƠNG 3. HÌNH HỌC TRỰC QUAN,Bài 1. Tam giác đều. Hình vuông. Lục giác đều,92,ambiguous_match,C,". Cho hình lục giác đều MNPQRH, có bao nhiêu tam giác đều được tạo thành từ các đường chéo chính có cạnh bằng cạnh của lục giác đều",A. 8 | B. 2 | C. 4 | D. 6
1630,true,6,Chương 3: Hình học trực quan,https://vietjack.com/toan-6-canh-dieu/trac-nghiem-chuong-3-hinh-hoc-truc-quan.jsp,4,281,CHƯƠNG 3. HÌNH HỌC TRỰC QUAN,Bài 1. Tam giác đều. Hình vuông. Lục giác đều,92,ambiguous_match,B,"Cho hình lục giác đều MNPQRH, phát biểu nào sai ?","A. 6 đỉnh là M, N, P, Q, R, H | B. 6 cạnh là MN, NP, PQ, MQ, QR, HM | C. 3 đường chéo chính là MQ, HP, RN. | D. 3 đường chéo chính cắt nhau tại 1 điểm."
1632,true,6,Chương 3: Hình học trực quan,https://vietjack.com/toan-6-canh-dieu/trac-nghiem-chuong-3-hinh-hoc-truc-quan.jsp,5,281,CHƯƠNG 3. HÌNH HỌC TRỰC QUAN,Bài 1. Tam giác đều. Hình vuông. Lục giác đều,92,ambiguous_match,C,". Cho tam giác đều MNP có MN = 5cm, khẳng định nào sau đây đúng?",A. NP = 3cm | B. MP = 4cm | C. NP = 6cm | D. MP = 5cm
1633,true,6,Chương 3: Hình học trực quan,https://vietjack.com/toan-6-canh-dieu/trac-nghiem-chuong-3-hinh-hoc-truc-quan.jsp,6,281,CHƯƠNG 3. HÌNH HỌC TRỰC QUAN,Bài 1. Tam giác đều. Hình vuông. Lục giác đều,92,ambiguous_match,C,. Chọn phát biểu sai :,A. Tam giác đều có ba cạnh | B. Ba cạnh của tam giác đều bằng nhau | C. Bốn góc của tam giác đều bằng nhau | D. Tam giác đều có ba đỉnh
1634,true,6,Chương 3: Hình học trực quan,https://vietjack.com/toan-6-canh-dieu/trac-nghiem-chuong-3-hinh-hoc-truc-quan.jsp,7,281,CHƯƠNG 3. HÌNH HỌC TRỰC QUAN,Bài 1. Tam giác đều. Hình vuông. Lục giác đều,92,ambiguous_match,C,. Hình dưới đây có mấy hình tam giác?,A. 1 | B. 2 | C. 3 | D. 4
1635,true,6,Chương 3: Hình học trực quan,https://vietjack.com/toan-6-canh-dieu/trac-nghiem-chuong-3-hinh-hoc-truc-quan.jsp,8,281,CHƯƠNG 3. HÌNH HỌC TRỰC QUAN,Bài 1. Tam giác đều. Hình vuông. Lục giác đều,92,ambiguous_match,C,. Hình lục giác đều có mấy cạnh,A. 3 | B. 5 | C. 6 | D. 8
1636,true,6,Chương 3: Hình học trực quan,https://vietjack.com/toan-6-canh-dieu/trac-nghiem-chuong-3-hinh-hoc-truc-quan.jsp,9,281,CHƯƠNG 3. HÌNH HỌC TRỰC QUAN,Bài 1. Tam giác đều. Hình vuông. Lục giác đều,92,ambiguous_match,C,". Cho lục giác đều ABCDEF có AB = 3cm, chọn câu đúng",A. FC = 3cm | B. AD = 3cm | C. BE = 3cm | D. EF = 3cm
1637,true,6,Chương 3: Hình học trực quan,https://vietjack.com/toan-6-canh-dieu/trac-nghiem-chuong-3-hinh-hoc-truc-quan.jsp,10,281,CHƯƠNG 3. HÌNH HỌC TRỰC QUAN,Bài 1. Tam giác đều. Hình vuông. Lục giác đều,92,ambiguous_match,C,. Hình lục giác đều có bao nhiêu đường chéo chính,A. 1 | B. 2 | C. 3 | D. 4
1638,true,6,Chương 3: Hình học trực quan,https://vietjack.com/toan-6-canh-dieu/trac-nghiem-chuong-3-hinh-hoc-truc-quan.jsp,1,281,CHƯƠNG 3. HÌNH HỌC TRỰC QUAN,Bài 1. Tam giác đều. Hình vuông. Lục giác đều,92,ambiguous_match,C,". Cho hình chữ nhật ABCD, phát biểu nào đúng?",A. AB = AC | B. AC = DO | C. AC = BD | D. OB = AC
1639,true,6,Chương 3: Hình học trực quan,https://vietjack.com/toan-6-canh-dieu/trac-nghiem-chuong-3-hinh-hoc-truc-quan.jsp,2,281,CHƯƠNG 3. HÌNH HỌC TRỰC QUAN,Bài 1. Tam giác đều. Hình vuông. Lục giác đều,92,ambiguous_match,C,"Cho hình chữ nhật ABCD, AB = 5cm, chọn khẳng định đúng:",A. BC = 5cm | B. AC = 5cm | C. AD = 5cm | D. DC = 5cm
1640,true,6,Chương 3: Hình học trực quan,https://vietjack.com/toan-6-canh-dieu/trac-nghiem-chuong-3-hinh-hoc-truc-quan.jsp,3,281,CHƯƠNG 3. HÌNH HỌC TRỰC QUAN,Bài 1. Tam giác đều. Hình vuông. Lục giác đều,92,ambiguous_match,C,. Chọn phát biểu sai trong các phát biểu sau?,A. Hình thoi có bốn đỉnh | B. Hình thoi có hai cặp cạnh đối bằng nhau | C. Hình thoi có hai cặp cạnh đối song song | D. Hình có bốn đỉnh là hình thoi
1641,true,6,Chương 3: Hình học trực quan,https://vietjack.com/toan-6-canh-dieu/trac-nghiem-chuong-3-hinh-hoc-truc-quan.jsp,4,281,CHƯƠNG 3. HÌNH HỌC TRỰC QUAN,Bài 1. Tam giác đều. Hình vuông. Lục giác đều,92,ambiguous_match,C,". Trong các hình sau, các hình là hình thoi là:","A. Hình 1, Hình 2 | B. Hình 3, Hình 4 | C. Hình 1, Hình 3 | D. Hình 3, Hình 5"
1642,true,6,Chương 3: Hình học trực quan,https://vietjack.com/toan-6-canh-dieu/trac-nghiem-chuong-3-hinh-hoc-truc-quan.jsp,5,281,CHƯƠNG 3. HÌNH HỌC TRỰC QUAN,Bài 1. Tam giác đều. Hình vuông. Lục giác đều,92,ambiguous_match,C,". Cho hình thoi ABCD có BC = 4cm, khẳng định nào sau đây đúng:",A. AB = 2cm | B. AD = 8cm | C. DC = 4cm | D. AB = 8cm
1643,true,6,Chương 3: Hình học trực quan,https://vietjack.com/toan-6-canh-dieu/trac-nghiem-chuong-3-hinh-hoc-truc-quan.jsp,6,281,CHƯƠNG 3. HÌNH HỌC TRỰC QUAN,Bài 1. Tam giác đều. Hình vuông. Lục giác đều,92,ambiguous_match,C,"Cho hình thoi ABCD (AC > BD) có AC = 10cm, khẳng định nào sau đây đúng:",A. OB = 5cm | B. AO = 5cm | C. OD = 5cm | D. OC = 20cm
1644,true,6,Chương 3: Hình học trực quan,https://vietjack.com/toan-6-canh-dieu/trac-nghiem-chuong-3-hinh-hoc-truc-quan.jsp,7,281,CHƯƠNG 3. HÌNH HỌC TRỰC QUAN,Bài 1. Tam giác đều. Hình vuông. Lục giác đều,92,ambiguous_match,C,". Trong các hình dưới đây, hình nào là hình thang cân: AAAAAAAA",A. Hình a | B. Hình b | C. Hình c | D. Hình d
1645,true,6,Chương 3: Hình học trực quan,https://vietjack.com/toan-6-canh-dieu/trac-nghiem-chuong-3-hinh-hoc-truc-quan.jsp,8,281,CHƯƠNG 3. HÌNH HỌC TRỰC QUAN,Bài 1. Tam giác đều. Hình vuông. Lục giác đều,92,ambiguous_match,B,. Chọn phát biểu sai ?,A. Hình có bốn đỉnh là hình chữ nhật | B. Hình chữ nhật có bốn đỉnh | C. Hình chữ nhật có hai cặp cạnh đối song song. | D. Hình chữ nhật có hai đường chéo bằng nhau
1646,true,6,Chương 3: Hình học trực quan,https://vietjack.com/toan-6-canh-dieu/trac-nghiem-chuong-3-hinh-hoc-truc-quan.jsp,9,281,CHƯƠNG 3. HÌNH HỌC TRỰC QUAN,Bài 1. Tam giác đều. Hình vuông. Lục giác đều,92,ambiguous_match,C,. Diện tích hình thoi có độ dài hai đường chéo là 15cm và 6cm là:,A. 90 cm 2 | B. 45 dm 2 | C. 45 cm 2 | D. 50 cm 2
1647,true,6,Chương 3: Hình học trực quan,https://vietjack.com/toan-6-canh-dieu/trac-nghiem-chuong-3-hinh-hoc-truc-quan.jsp,10,281,CHƯƠNG 3. HÌNH HỌC TRỰC QUAN,Bài 1. Tam giác đều. Hình vuông. Lục giác đều,92,ambiguous_match,C,. Nếu hình thoi có độ dài 1 cạnh là a thì:,A. Chu vi của hình thoi là 4a | B. Chu vi của hình thoi là 6a | C. Chu vi của hình thoi là a 2 | D. Chu vi của hình thoi là a + b + c trong đó b và c là độ dài hai đường chéo.
1648,true,6,Chương 3: Hình học trực quan,https://vietjack.com/toan-6-canh-dieu/trac-nghiem-chuong-3-hinh-hoc-truc-quan.jsp,11,281,CHƯƠNG 3. HÌNH HỌC TRỰC QUAN,Bài 1. Tam giác đều. Hình vuông. Lục giác đều,92,ambiguous_match,C,". Một mảnh đất dạng hình thoi có độ dài đường chéo bé là 24m, độ dài đường chéo lớn gấp hai lần đường chéo bé. Diện tích của mảnh đất đó là:",A. 576 m 2 | B. 144 m 2 | C. 1152 m 2 | D. 288 m 2
1649,true,6,Chương 3: Hình học trực quan,https://vietjack.com/toan-6-canh-dieu/trac-nghiem-chuong-3-hinh-hoc-truc-quan.jsp,12,281,CHƯƠNG 3. HÌNH HỌC TRỰC QUAN,Bài 1. Tam giác đều. Hình vuông. Lục giác đều,92,ambiguous_match,C,. Tính diện tích của hình thoi có tổng độ dài hai đường chéo là 30cm và đường chéo lớn hơn đường chéo bé 2cm.,A. 110 cm 2 | B. 112 cm 2 | C. 111 cm 2 | D. 114 cm 2
1650,true,6,Chương 3: Hình học trực quan,https://vietjack.com/toan-6-canh-dieu/trac-nghiem-chuong-3-hinh-hoc-truc-quan.jsp,13,281,CHƯƠNG 3. HÌNH HỌC TRỰC QUAN,Bài 1. Tam giác đều. Hình vuông. Lục giác đều,92,ambiguous_match,C,. Hình thoi A có độ dài hai đường chéo gấp đôi độ dài hai đường chéo của hình thoi B. Hỏi hình thoi A có diện tích gấp mấy lần diện tích hình thoi B?,A. 2 lần | B. 3 lần | C. 4 lần | D. 6 lần
1651,true,6,Chương 3: Hình học trực quan,https://vietjack.com/toan-6-canh-dieu/trac-nghiem-chuong-3-hinh-hoc-truc-quan.jsp,14,281,CHƯƠNG 3. HÌNH HỌC TRỰC QUAN,Bài 1. Tam giác đều. Hình vuông. Lục giác đều,92,ambiguous_match,C,". Một hình thoi có diện tích 12dm 2 , độ dài một đường chéo là 3dm. Tính độ dài đường chéo thứ 2.",A. 2 dm | B. 4 dm | C. 8 dm | D. 10 dm
1652,true,6,Chương 3: Hình học trực quan,https://vietjack.com/toan-6-canh-dieu/trac-nghiem-chuong-3-hinh-hoc-truc-quan.jsp,15,281,CHƯƠNG 3. HÌNH HỌC TRỰC QUAN,Bài 1. Tam giác đều. Hình vuông. Lục giác đều,92,ambiguous_match,C,". Một khu đất hình thoi có độ dài cạnh là 12 m. Người ta định xây tường rào xung quanh và bớt lại cửa ra vào rộng 1,5m. Hỏi người ta cần xây bao nhiêu mét tường rào?","A. 10,5 m | B. 21 m | C. 13, 5m | D. 46, 5m"
1744,true,6,Chương 4: Một số yếu tố thống kê và xác suất,https://vietjack.com/toan-6-canh-dieu/trac-nghiem-chuong-4-mot-so-yeu-to-thong-ke-va-xac-suat.jsp,1,288,CHƯƠNG 4. MỘT SỐ YẾU TỐ THỐNG KÊ VÀ XÁC SUẤT,"Bài 1. Thu thập, tổ chức, biểu diễn, phân tích và xử lý số liệu",92,ambiguous_match,C,. Các môn thể thao được ưa thích của lớp 6a Các môn thể thao được yêu thích của lớp 6A là:,"A. Cầu lông, bóng bàn, đá cầu, bóng rổ, bóng đá | B. Bóng chuyền, bóng bàn, bóng đá, đá cầu, bóng rổ | C. Đá cầu, bóng chuyền, điền kinh, bóng rổ, bóng bàn | D. Bóng rổ, đá cầu, bóng đá"
1745,true,6,Chương 4: Một số yếu tố thống kê và xác suất,https://vietjack.com/toan-6-canh-dieu/trac-nghiem-chuong-4-mot-so-yeu-to-thong-ke-va-xac-suat.jsp,2,288,CHƯƠNG 4. MỘT SỐ YẾU TỐ THỐNG KÊ VÀ XÁC SUẤT,"Bài 1. Thu thập, tổ chức, biểu diễn, phân tích và xử lý số liệu",92,ambiguous_match,C,. Số học sinh vắng trong ngày của các lớp khối 6 trường THCS A là 6A1 6A2 6A3 6A4 6A5 6A6 6A7 6A8 Có bao nhiêu lớp có số học sinh vắng ít nhất,A. 4 | B. 5 | C. 1 | D. 2
1746,true,6,Chương 4: Một số yếu tố thống kê và xác suất,https://vietjack.com/toan-6-canh-dieu/trac-nghiem-chuong-4-mot-so-yeu-to-thong-ke-va-xac-suat.jsp,3,288,CHƯƠNG 4. MỘT SỐ YẾU TỐ THỐNG KÊ VÀ XÁC SUẤT,"Bài 1. Thu thập, tổ chức, biểu diễn, phân tích và xử lý số liệu",92,ambiguous_match,C,. Em hãy chỉ ra các điểm không hợp lí trong bảng dữ liệu sau: Danh sách học sinh giỏi lớp 7A STT Họ và tên 1 Nguyễn Hoàng Xuân 2 Phạm Thị Hương 3 Đỗ Thu Hà 4 03456789 Ngô Xuân Giang,A. Nguyễn Hoàng Xuân | B. 03456789 | C. Phạm Thị Hương | D. Ngô Xuân Giang
1747,true,6,Chương 4: Một số yếu tố thống kê và xác suất,https://vietjack.com/toan-6-canh-dieu/trac-nghiem-chuong-4-mot-so-yeu-to-thong-ke-va-xac-suat.jsp,4,288,CHƯƠNG 4. MỘT SỐ YẾU TỐ THỐNG KÊ VÀ XÁC SUẤT,"Bài 1. Thu thập, tổ chức, biểu diễn, phân tích và xử lý số liệu",92,ambiguous_match,C,. Có bao nhiêu điểm không hợp lí trong cột “email” của bảng dữ liệu: Danh sách email của các bạn tổ 1 lớp 6D,A. 1 | B. 2 | C. 3 | D. 4
1748,true,6,Chương 4: Một số yếu tố thống kê và xác suất,https://vietjack.com/toan-6-canh-dieu/trac-nghiem-chuong-4-mot-so-yeu-to-thong-ke-va-xac-suat.jsp,5,288,CHƯƠNG 4. MỘT SỐ YẾU TỐ THỐNG KÊ VÀ XÁC SUẤT,"Bài 1. Thu thập, tổ chức, biểu diễn, phân tích và xử lý số liệu",92,ambiguous_match,C,". Cho bảng số liệu đánh giá chất lượng sản phẩm bằng điểm số 1, 2, 3, 4, 5 của một lô hàng gồm 15 sản phẩm như sau: Điểm Số sản phẩm 0 7 Đối tượng thống kê là","A. Các điểm số 1, 2, 3, 4, 5. | B. Số sản phẩm 3,0,5,7,0 | C. Điểm số và sản phẩm | D. Lô hàng"
1749,true,6,Chương 4: Một số yếu tố thống kê và xác suất,https://vietjack.com/toan-6-canh-dieu/trac-nghiem-chuong-4-mot-so-yeu-to-thong-ke-va-xac-suat.jsp,6,288,CHƯƠNG 4. MỘT SỐ YẾU TỐ THỐNG KÊ VÀ XÁC SUẤT,"Bài 1. Thu thập, tổ chức, biểu diễn, phân tích và xử lý số liệu",92,ambiguous_match,C,". Bạn Hùng ghi chép nhanh điểm Toán của các bạn trong tổ 1 của lớp 6A5 thành dãy dữ liệu: 5, 8, 6, 7, 8, 5, 4, 6, 9, 6, 8, 8. Em hãy giúp Hùng sắp xếp lại dữ liệu trên vào bảng sau (theo mẫu): Em hãy cho biết có bao nhiêu bạn được điểm 8 và có bao nhiêu bạn có điểm dưới 6.",A. 4 bạn được 8 và 2 bạn dưới 6. | B. 4 bạn được 8 và 3 bạn dưới 6 | C. 4 bạn được 8 và 6 bạn dưới 6 | D. 1 bạn được 8 và 3 bạn dưới 6
1750,true,6,Chương 4: Một số yếu tố thống kê và xác suất,https://vietjack.com/toan-6-canh-dieu/trac-nghiem-chuong-4-mot-so-yeu-to-thong-ke-va-xac-suat.jsp,7,288,CHƯƠNG 4. MỘT SỐ YẾU TỐ THỐNG KÊ VÀ XÁC SUẤT,"Bài 1. Thu thập, tổ chức, biểu diễn, phân tích và xử lý số liệu",92,ambiguous_match,C,. Hãy đọc bảng thống kê xếp loại hạnh kiểm lớp 6A sau: Em hãy cho biết lớp 6A có tất cả bao nhiêu học sinh?,A. 25 | B. 3 | C. 2 | D. 30
1751,true,6,Chương 4: Một số yếu tố thống kê và xác suất,https://vietjack.com/toan-6-canh-dieu/trac-nghiem-chuong-4-mot-so-yeu-to-thong-ke-va-xac-suat.jsp,8,288,CHƯƠNG 4. MỘT SỐ YẾU TỐ THỐNG KÊ VÀ XÁC SUẤT,"Bài 1. Thu thập, tổ chức, biểu diễn, phân tích và xử lý số liệu",92,ambiguous_match,C,". Điều tra loại phim yêu thích nhất của 36 học sinh lớp 6A3, bạn lớp trưởng thu được bảng dữ liệu ban đầu như sau: Viết tắt: H: Hoạt hình; L: Lịch sử; K: Khoa học; C: Ca nhạc; T: Trinh thám. Loại phim nào được các bạn học sinh lớp 6A3 yêu thích nhất?",A. Hoạt hình | B. Lịch sử | C. Khoa học | D. Trinh thám
1752,true,6,Chương 4: Một số yếu tố thống kê và xác suất,https://vietjack.com/toan-6-canh-dieu/trac-nghiem-chuong-4-mot-so-yeu-to-thong-ke-va-xac-suat.jsp,9,288,CHƯƠNG 4. MỘT SỐ YẾU TỐ THỐNG KÊ VÀ XÁC SUẤT,"Bài 1. Thu thập, tổ chức, biểu diễn, phân tích và xử lý số liệu",92,ambiguous_match,C,. Một nhóm bạn thân gồm 6 người đi đến một quán trà chanh và mua các loại nước uống và các loại nước uống được ghi lại trong bảng sau: Nước cam Nước dưa hấu Nước chanh Nước dứa Có bao nhiêu loại nước được mua?,A. 5 | B. 4 | C. 3 | D. 2
1753,true,6,Chương 4: Một số yếu tố thống kê và xác suất,https://vietjack.com/toan-6-canh-dieu/trac-nghiem-chuong-4-mot-so-yeu-to-thong-ke-va-xac-suat.jsp,10,288,CHƯƠNG 4. MỘT SỐ YẾU TỐ THỐNG KÊ VÀ XÁC SUẤT,"Bài 1. Thu thập, tổ chức, biểu diễn, phân tích và xử lý số liệu",92,ambiguous_match,C,. Lan tìm hiểu về thức ăn sáng nay của các bạn trong lớp và thu được kết quả như sau: Dữ liệu nào sau đây không là số liệu?,A. Xôi | B. 11 | C. 8 | D. 2
1754,true,6,Chương 4: Một số yếu tố thống kê và xác suất,https://vietjack.com/toan-6-canh-dieu/trac-nghiem-chuong-4-mot-so-yeu-to-thong-ke-va-xac-suat.jsp,1,288,CHƯƠNG 4. MỘT SỐ YẾU TỐ THỐNG KÊ VÀ XÁC SUẤT,"Bài 1. Thu thập, tổ chức, biểu diễn, phân tích và xử lý số liệu",92,ambiguous_match,C,. Điểm thi của Nam và Khải được biểu diễn trong biểu đồ cột kép ở hình sau: Khẳng định nào sau đây đúng ?,A. Điểm Toán của Nam cao hơn Khải | B. Điểm cả 3 môn của Khải cao hơn Nam | C. Điểm Ngữ văn của Nam cao hơn Khải | D. Điểm Ngữ văn của Khải cao hơn Nam
1755,true,6,Chương 4: Một số yếu tố thống kê và xác suất,https://vietjack.com/toan-6-canh-dieu/trac-nghiem-chuong-4-mot-so-yeu-to-thong-ke-va-xac-suat.jsp,2,288,CHƯƠNG 4. MỘT SỐ YẾU TỐ THỐNG KÊ VÀ XÁC SUẤT,"Bài 1. Thu thập, tổ chức, biểu diễn, phân tích và xử lý số liệu",92,ambiguous_match,C,". Điểm thi của Nam và Khải được biểu diễn trong biểu đồ cột kép ở hình sau: Điểm cao nhất thuộc về bạn nào, môn nào?",A. Bạn Nam môn Tiếng Anh | B. Bạn Nam môn Toán | C. Bạn Khải môn Toán | D. Bạn Khải môn Ngữ văn
1756,true,6,Chương 4: Một số yếu tố thống kê và xác suất,https://vietjack.com/toan-6-canh-dieu/trac-nghiem-chuong-4-mot-so-yeu-to-thong-ke-va-xac-suat.jsp,3,288,CHƯƠNG 4. MỘT SỐ YẾU TỐ THỐNG KÊ VÀ XÁC SUẤT,"Bài 1. Thu thập, tổ chức, biểu diễn, phân tích và xử lý số liệu",92,ambiguous_match,C,". Quan sát biểu đồ trong Hình 6, em hãy cho biết nó được ghép bởi",A. Biểu đồ số cây hoa trồng được của lớp 6A2 và 6A3 | B. Biểu đồ số cây hoa trồng được của lớp 6A2 | C. Biểu đồ số cây hoa trồng được của lớp 6A3 | D. Biểu đồ số cây hoa trồng được của lớp 6A1 và 6A2.
1757,true,6,Chương 4: Một số yếu tố thống kê và xác suất,https://vietjack.com/toan-6-canh-dieu/trac-nghiem-chuong-4-mot-so-yeu-to-thong-ke-va-xac-suat.jsp,5,288,CHƯƠNG 4. MỘT SỐ YẾU TỐ THỐNG KÊ VÀ XÁC SUẤT,"Bài 1. Thu thập, tổ chức, biểu diễn, phân tích và xử lý số liệu",92,ambiguous_match,C,Cho biểu đồ cột ghép điểm học kì 1 của bạn Hải và bạn Lan như sau: Môn Ngữ văn của bạn Lan bằng bao nhiêu?,A. 8 | B. 7 | C. 6 | D. 9
1758,true,6,Chương 4: Một số yếu tố thống kê và xác suất,https://vietjack.com/toan-6-canh-dieu/trac-nghiem-chuong-4-mot-so-yeu-to-thong-ke-va-xac-suat.jsp,6,288,CHƯƠNG 4. MỘT SỐ YẾU TỐ THỐNG KÊ VÀ XÁC SUẤT,"Bài 1. Thu thập, tổ chức, biểu diễn, phân tích và xử lý số liệu",92,ambiguous_match,C,Cho biểu đồ cột ghép điểm học kì 1 của bạn Hải và bạn Lan như sau: Điểm Toán của Lan cao hơn Hải là bao nhiêu điểm?,A. 8 điểm | B. 0 điểm | C. 1 điểm | D. 2 điểm
1759,true,6,Chương 4: Một số yếu tố thống kê và xác suất,https://vietjack.com/toan-6-canh-dieu/trac-nghiem-chuong-4-mot-so-yeu-to-thong-ke-va-xac-suat.jsp,7,288,CHƯƠNG 4. MỘT SỐ YẾU TỐ THỐNG KÊ VÀ XÁC SUẤT,"Bài 1. Thu thập, tổ chức, biểu diễn, phân tích và xử lý số liệu",92,ambiguous_match,C,Biểu đồ cột kép biểu diễn sĩ số học sinh đầu năm học và cuối năm học của bốn lớp khối 6: Sĩ số của lớp nào tăng?,A. 6A1 | B. 6A2 | C. 6A3 | D. 6A4
1760,true,6,Chương 4: Một số yếu tố thống kê và xác suất,https://vietjack.com/toan-6-canh-dieu/trac-nghiem-chuong-4-mot-so-yeu-to-thong-ke-va-xac-suat.jsp,8,288,CHƯƠNG 4. MỘT SỐ YẾU TỐ THỐNG KÊ VÀ XÁC SUẤT,"Bài 1. Thu thập, tổ chức, biểu diễn, phân tích và xử lý số liệu",92,ambiguous_match,C,. Biểu đồ cột kép biểu diễn sĩ số học sinh đầu năm học và cuối năm học của bốn lớp khối 6: Sĩ số đầu năm của lớp nào cao nhất?,A. 6A2 | B. 6A1 | C. 6A3 | D. 6A4
1761,true,6,Chương 4: Một số yếu tố thống kê và xác suất,https://vietjack.com/toan-6-canh-dieu/trac-nghiem-chuong-4-mot-so-yeu-to-thong-ke-va-xac-suat.jsp,9,288,CHƯƠNG 4. MỘT SỐ YẾU TỐ THỐNG KÊ VÀ XÁC SUẤT,"Bài 1. Thu thập, tổ chức, biểu diễn, phân tích và xử lý số liệu",92,ambiguous_match,C,. Cho biểu đồ cột kép sau: Số con cá của tổ 3 và tổ 4 nuôi trong biểu đồ ở hình trên là,"A. Tổ 3 là 10, tổ 4 là 14 | B. Tổ 3 là 12, tổ 4 là 16 | C. Tổ 3 là 12, tổ 4 là 15 | D. Tổ 3 là 15, tổ 4 là 12"
1803,true,6,Chương 5: Phân số và số thập phân,https://vietjack.com/toan-6-canh-dieu/trac-nghiem-chuong-5-phan-so-va-so-thap-phan.jsp,1,292,CHƯƠNG 5. PHÂN SỐ VÀ SỐ THẬP PHÂN,Bài 1. Phân số với tử và mẫu là số nguyên,92,ambiguous_match,C,. Viết phân số năm phần tám,"A. 5 8 | B. 8 − 5 | C. − 5 8 | D. – 5,8"
1804,true,6,Chương 5: Phân số và số thập phân,https://vietjack.com/toan-6-canh-dieu/trac-nghiem-chuong-5-phan-so-va-so-thap-phan.jsp,2,292,CHƯƠNG 5. PHÂN SỐ VÀ SỐ THẬP PHÂN,Bài 1. Phân số với tử và mẫu là số nguyên,92,ambiguous_match,C,. Phần tô màu trong hình sau biểu diễn phân số nào?,A. 1 2 | B. 1 4 | C. 3 4 | D. 5 8
1805,true,6,Chương 5: Phân số và số thập phân,https://vietjack.com/toan-6-canh-dieu/trac-nghiem-chuong-5-phan-so-va-so-thap-phan.jsp,3,292,CHƯƠNG 5. PHÂN SỐ VÀ SỐ THẬP PHÂN,Bài 1. Phân số với tử và mẫu là số nguyên,92,ambiguous_match,C,. Hãy viết phép chia sau dưới dạng phân số: (-58) : 73,A. − 58 73 | B. 58 73 | C. 73 − 58 | D. − 73 58
1806,true,6,Chương 5: Phân số và số thập phân,https://vietjack.com/toan-6-canh-dieu/trac-nghiem-chuong-5-phan-so-va-so-thap-phan.jsp,4,292,CHƯƠNG 5. PHÂN SỐ VÀ SỐ THẬP PHÂN,Bài 1. Phân số với tử và mẫu là số nguyên,92,ambiguous_match,A,. Phân số nào dưới đây bằng với phân số − 2 5,A. 4 10 | B. − 6 15 | C. 6 15 | D. − 4 10
1807,true,6,Chương 5: Phân số và số thập phân,https://vietjack.com/toan-6-canh-dieu/trac-nghiem-chuong-5-phan-so-va-so-thap-phan.jsp,5,292,CHƯƠNG 5. PHÂN SỐ VÀ SỐ THẬP PHÂN,Bài 1. Phân số với tử và mẫu là số nguyên,92,ambiguous_match,C,. Tìm số nguyên x biết 35 15 = x 3,A. x = 7 | B. x = 5 | C. x = 15 | D. x = 6
1808,true,6,Chương 5: Phân số và số thập phân,https://vietjack.com/toan-6-canh-dieu/trac-nghiem-chuong-5-phan-so-va-so-thap-phan.jsp,6,292,CHƯƠNG 5. PHÂN SỐ VÀ SỐ THẬP PHÂN,Bài 1. Phân số với tử và mẫu là số nguyên,92,ambiguous_match,C,. Cho tập A={1; −2; 3; 4} . Có bao nhiêu phân số có tử số và mẫu số thuộc A mà có tử số khác mẫu số và tử số trái dấu với mẫu số?,A. 9 | B. 6 | C. 3 | D. 12
1809,true,6,Chương 5: Phân số và số thập phân,https://vietjack.com/toan-6-canh-dieu/trac-nghiem-chuong-5-phan-so-va-so-thap-phan.jsp,7,292,CHƯƠNG 5. PHÂN SỐ VÀ SỐ THẬP PHÂN,Bài 1. Phân số với tử và mẫu là số nguyên,92,ambiguous_match,C,. Viết 20 dm 2 dưới dạng phân số với đơn vị là mét vuông,A. 100 20 m 2 | B. 20 100 m 2 | C. 20 10 m 2 | D. 20 1000 m 2
1810,true,6,Chương 5: Phân số và số thập phân,https://vietjack.com/toan-6-canh-dieu/trac-nghiem-chuong-5-phan-so-va-so-thap-phan.jsp,8,292,CHƯƠNG 5. PHÂN SỐ VÀ SỐ THẬP PHÂN,Bài 1. Phân số với tử và mẫu là số nguyên,92,ambiguous_match,C,. Nhận xét nào sau đây là đúng khi nói về phân số?,"A. Phân số nhỏ hơn số 0 gọi là phân số âm. | B. Phân số lớn hơn số 0 gọi là phân số dương. | C. Phân số âm nhỏ hơn phân số dương. | D. Cả A, B và C đều đúng."
1811,true,6,Chương 5: Phân số và số thập phân,https://vietjack.com/toan-6-canh-dieu/trac-nghiem-chuong-5-phan-so-va-so-thap-phan.jsp,9,292,CHƯƠNG 5. PHÂN SỐ VÀ SỐ THẬP PHÂN,Bài 1. Phân số với tử và mẫu là số nguyên,92,ambiguous_match,C,Tìm số nguyên x biết rằng x 3 = 27 x và x < 0.,A. x = 81 | B. x = −81 | C. x = −9 | D. x = 9
1812,true,6,Chương 5: Phân số và số thập phân,https://vietjack.com/toan-6-canh-dieu/trac-nghiem-chuong-5-phan-so-va-so-thap-phan.jsp,10,292,CHƯƠNG 5. PHÂN SỐ VÀ SỐ THẬP PHÂN,Bài 1. Phân số với tử và mẫu là số nguyên,92,ambiguous_match,C,. Viết số nguyên a dướu dạng phân số ta được:,A. a 0 | B. 0 a | C. a 1 | D. 1 a
1813,true,6,Chương 5: Phân số và số thập phân,https://vietjack.com/toan-6-canh-dieu/trac-nghiem-chuong-5-phan-so-va-so-thap-phan.jsp,11,292,CHƯƠNG 5. PHÂN SỐ VÀ SỐ THẬP PHÂN,Bài 1. Phân số với tử và mẫu là số nguyên,92,ambiguous_match,C,Phân số − 9 7 được đọc là:,A. Chín phần bảy | B. Âm bảy phần chín | C. Bảy phần chín | D. Âm chín phần bảy
1814,true,6,Chương 5: Phân số và số thập phân,https://vietjack.com/toan-6-canh-dieu/trac-nghiem-chuong-5-phan-so-va-so-thap-phan.jsp,12,292,CHƯƠNG 5. PHÂN SỐ VÀ SỐ THẬP PHÂN,Bài 1. Phân số với tử và mẫu là số nguyên,92,ambiguous_match,C,Phân số có tử bằng – 4; mẫu bằng 5 được viết là:,A. − 5 4 | B. 4 5 | C. − 4 5 | D. 5 4
1815,true,6,Chương 5: Phân số và số thập phân,https://vietjack.com/toan-6-canh-dieu/trac-nghiem-chuong-5-phan-so-va-so-thap-phan.jsp,1,292,CHƯƠNG 5. PHÂN SỐ VÀ SỐ THẬP PHÂN,Bài 1. Phân số với tử và mẫu là số nguyên,92,ambiguous_match,C,. Điền dấu thích hợp vào chỗ chấm: − 5 13 .... − 7 13,A. > | B. < | C. = | D. Tất cả các đáp án trên đều sai
1816,true,6,Chương 5: Phân số và số thập phân,https://vietjack.com/toan-6-canh-dieu/trac-nghiem-chuong-5-phan-so-va-so-thap-phan.jsp,2,292,CHƯƠNG 5. PHÂN SỐ VÀ SỐ THẬP PHÂN,Bài 1. Phân số với tử và mẫu là số nguyên,92,ambiguous_match,C,. Điền dấu thích hợp vào chỗ chấm: − 12 25 .... 17 − 25,A. > | B. < | C. = | D. Tất cả các đáp án trên đều sai
1817,true,6,Chương 5: Phân số và số thập phân,https://vietjack.com/toan-6-canh-dieu/trac-nghiem-chuong-5-phan-so-va-so-thap-phan.jsp,3,292,CHƯƠNG 5. PHÂN SỐ VÀ SỐ THẬP PHÂN,Bài 1. Phân số với tử và mẫu là số nguyên,92,ambiguous_match,A,. Chọn câu đúng,A. 1123 1125 > 1 | B. − 154 − 156 < 1 | C. − 123 345 > 0 | D. − 657 − 324 < 0
1818,true,6,Chương 5: Phân số và số thập phân,https://vietjack.com/toan-6-canh-dieu/trac-nghiem-chuong-5-phan-so-va-so-thap-phan.jsp,4,292,CHƯƠNG 5. PHÂN SỐ VÀ SỐ THẬP PHÂN,Bài 1. Phân số với tử và mẫu là số nguyên,92,ambiguous_match,A,. Chọn câu sai:,A. 2 − 3 > − 7 8 | B. − 22 33 = 200 − 300 | C. − 2 5 < 196 294 | D. − 3 5 < 39 − 65
1819,true,6,Chương 5: Phân số và số thập phân,https://vietjack.com/toan-6-canh-dieu/trac-nghiem-chuong-5-phan-so-va-so-thap-phan.jsp,5,292,CHƯƠNG 5. PHÂN SỐ VÀ SỐ THẬP PHÂN,Bài 1. Phân số với tử và mẫu là số nguyên,92,ambiguous_match,C,Sắp xếp các phân số 29 40 ; 28 41 ; 29 41 theo thứ tự tăng dần ta được,A. 29 41 ; 28 41 ; 29 40 | B. 29 40 ; 29 41 ; 28 41 | C. 28 41 ; 29 41 ; 29 40 | D. 28 41 ; 29 41 ; 29 40
1820,true,6,Chương 5: Phân số và số thập phân,https://vietjack.com/toan-6-canh-dieu/trac-nghiem-chuong-5-phan-so-va-so-thap-phan.jsp,6,292,CHƯƠNG 5. PHÂN SỐ VÀ SỐ THẬP PHÂN,Bài 1. Phân số với tử và mẫu là số nguyên,92,ambiguous_match,C,Sắp xếp các phân số − 3 4 ; 1 12 ; − 156 149 theo thứ tự giảm dần ta được:,A. − 156 149 ; − 3 4 ; 1 12 | B. 1 12 ; − 156 149 ; − 3 4 | C. − 3 4 ; − 156 149 ; 1 12 | D. 1 12 ; − 3 4 ; − 156 149
1821,true,6,Chương 5: Phân số và số thập phân,https://vietjack.com/toan-6-canh-dieu/trac-nghiem-chuong-5-phan-so-va-so-thap-phan.jsp,7,292,CHƯƠNG 5. PHÂN SỐ VÀ SỐ THẬP PHÂN,Bài 1. Phân số với tử và mẫu là số nguyên,92,ambiguous_match,C,. Cho A = 25.9 − 25.17 − 8.80 − 8.10 và B = 48.12 − 48.15 − 3.270 − 3.30 . Chọn câu đúng,A. A < B | B. A = B | C. A > 1; B < 0 | D. A > B
1822,true,6,Chương 5: Phân số và số thập phân,https://vietjack.com/toan-6-canh-dieu/trac-nghiem-chuong-5-phan-so-va-so-thap-phan.jsp,8,292,CHƯƠNG 5. PHÂN SỐ VÀ SỐ THẬP PHÂN,Bài 1. Phân số với tử và mẫu là số nguyên,92,ambiguous_match,C,Số các cặp số nguyên (x; y) thỏa mãn 1 18 < x 12 < y 9 < 1 4 là:,A. 2 | B. 3 | C. 1 | D. 4
1823,true,6,Chương 5: Phân số và số thập phân,https://vietjack.com/toan-6-canh-dieu/trac-nghiem-chuong-5-phan-so-va-so-thap-phan.jsp,9,292,CHƯƠNG 5. PHÂN SỐ VÀ SỐ THẬP PHÂN,Bài 1. Phân số với tử và mẫu là số nguyên,92,ambiguous_match,C,Có bao nhiêu phân số lớn hơn 1 6 nhưng nhỏ hơn 1 4 mà có tử số là 5.,A. 9 | B. 10 | C. 11 | D. 12
1824,true,6,Chương 5: Phân số và số thập phân,https://vietjack.com/toan-6-canh-dieu/trac-nghiem-chuong-5-phan-so-va-so-thap-phan.jsp,10,292,CHƯƠNG 5. PHÂN SỐ VÀ SỐ THẬP PHÂN,Bài 1. Phân số với tử và mẫu là số nguyên,92,ambiguous_match,C,. So sánh các phân số A = 3535.232323 353535.2323 ; B = 3535 3534 ; C = 2323 2322,A. A < B < C | B. A = B < C | C. A > B > C | D. A = B = C
1825,true,6,Chương 5: Phân số và số thập phân,https://vietjack.com/toan-6-canh-dieu/trac-nghiem-chuong-5-phan-so-va-so-thap-phan.jsp,11,292,CHƯƠNG 5. PHÂN SỐ VÀ SỐ THẬP PHÂN,Bài 1. Phân số với tử và mẫu là số nguyên,92,ambiguous_match,C,. So sánh A = 2018 2018 + 1 2018 2019 + 1 và B = 2018 2017 + 1 2018 2018 + 1,A. A < B | B. A = B | C. A > B | D. Không kết luận được
1826,true,6,Chương 5: Phân số và số thập phân,https://vietjack.com/toan-6-canh-dieu/trac-nghiem-chuong-5-phan-so-va-so-thap-phan.jsp,12,292,CHƯƠNG 5. PHÂN SỐ VÀ SỐ THẬP PHÂN,Bài 1. Phân số với tử và mẫu là số nguyên,92,ambiguous_match,C,. Chọn câu đúng:,A. 11 12 < − 22 12 | B. 8 3 < − 9 3 | C. 7 8 < 9 8 | D. 6 5 < 4 5
1826,true,6,Chương 5: Phân số và số thập phân,https://vietjack.com/toan-6-canh-dieu/trac-nghiem-chuong-5-phan-so-va-so-thap-phan.jsp,13,292,CHƯƠNG 5. PHÂN SỐ VÀ SỐ THẬP PHÂN,Bài 1. Phân số với tử và mẫu là số nguyên,92,ambiguous_match,C,. Chọn câu đúng:,A. 6 7 < 8 7 < 7 7 | B. 9 22 < 13 22 < 18 22 | C. 7 15 < 8 15 < 4 15 | D. 5 11 > 7 11 > 4 11
1827,true,6,Chương 5: Phân số và số thập phân,https://vietjack.com/toan-6-canh-dieu/trac-nghiem-chuong-5-phan-so-va-so-thap-phan.jsp,14,292,CHƯƠNG 5. PHÂN SỐ VÀ SỐ THẬP PHÂN,Bài 1. Phân số với tử và mẫu là số nguyên,92,ambiguous_match,C,. Chọn số thích hợp điền vào chỗ trống sau: 7 23 < ... 23,A. 9 | B. 7 | C. 5 | D. 4
1828,true,6,Chương 5: Phân số và số thập phân,https://vietjack.com/toan-6-canh-dieu/trac-nghiem-chuong-5-phan-so-va-so-thap-phan.jsp,15,292,CHƯƠNG 5. PHÂN SỐ VÀ SỐ THẬP PHÂN,Bài 1. Phân số với tử và mẫu là số nguyên,92,ambiguous_match,C,. Chọn số thích hợp điền vào chỗ trống sau: 17 19 < ... 19 < 1,A. 16 | B. 17 | C. 18 | D. 19
2035,true,6,Chương 6: Hình học phẳng,https://vietjack.com/toan-6-canh-dieu/trac-nghiem-chuong-6-hinh-hoc-phang.jsp,1,302,CHƯƠNG 6. HÌNH HỌC PHẲNG,Bài 1. Điểm. Đường thẳng,92,ambiguous_match,C,. Dùng kí hiệu để ghi lại cách diễn đạt sau: “ Đường thẳng a chứa điểm M và không chứa điểm P . Điểm O thuộc đường thẳng a và không thuộc đường thẳng b.”,A. M ∈ a; P ∉ a; O ∈ a; O ∉ b | B. M ∈ a; P ∉ a; O ∉ a; O ∉ b | C. M ∉ a; P ∈ a; O ∈ a; O ∉ b | D. M ∉ a; P ∉ a; O ∈ a; O ∈ b
2036,true,6,Chương 6: Hình học phẳng,https://vietjack.com/toan-6-canh-dieu/trac-nghiem-chuong-6-hinh-hoc-phang.jsp,3,302,CHƯƠNG 6. HÌNH HỌC PHẲNG,Bài 1. Điểm. Đường thẳng,92,ambiguous_match,C,Chọn câu sai.,A. A∈m | B. A∉n | C. A∈m; A∈n | D. A∈m; A∉n
2037,true,6,Chương 6: Hình học phẳng,https://vietjack.com/toan-6-canh-dieu/trac-nghiem-chuong-6-hinh-hoc-phang.jsp,4,302,CHƯƠNG 6. HÌNH HỌC PHẲNG,Bài 1. Điểm. Đường thẳng,92,ambiguous_match,C,. Cho hình vẽ sau Chọn câu đúng.,"A. D∉m | B. D∉n | C. D∈m | D. Cả A, B đều đúng."
2038,true,6,Chương 6: Hình học phẳng,https://vietjack.com/toan-6-canh-dieu/trac-nghiem-chuong-6-hinh-hoc-phang.jsp,5,302,CHƯƠNG 6. HÌNH HỌC PHẲNG,Bài 1. Điểm. Đường thẳng,92,ambiguous_match,B,. Cho hình vẽ sau Đường thẳng n đi qua điểm nào?,A. Điểm A | B. Điểm B và điểm C | C. Điểm B và điểm D | D. Điểm D và điểm C
2039,true,6,Chương 6: Hình học phẳng,https://vietjack.com/toan-6-canh-dieu/trac-nghiem-chuong-6-hinh-hoc-phang.jsp,6,302,CHƯƠNG 6. HÌNH HỌC PHẲNG,Bài 1. Điểm. Đường thẳng,92,ambiguous_match,D,. Cho hình vẽ sau Chọn câu đúng về đường thẳng m.m.,A. Đường thẳng mm đi qua điểm D. | B. Đường thẳng mm đi qua điểm B và điểm C | C. Điểm B và điểm C thuộc đường thẳng m. | D. Đường thẳng m chỉ đi qua điểm A.
2040,true,6,Chương 6: Hình học phẳng,https://vietjack.com/toan-6-canh-dieu/trac-nghiem-chuong-6-hinh-hoc-phang.jsp,7,302,CHƯƠNG 6. HÌNH HỌC PHẲNG,Bài 1. Điểm. Đường thẳng,92,ambiguous_match,C,. Cho hình vẽ sau Điểm Q thuộc những đường thẳng nào?,A. a | B. a; b; c | C. a; c; d | D. b; c; d
2041,true,6,Chương 6: Hình học phẳng,https://vietjack.com/toan-6-canh-dieu/trac-nghiem-chuong-6-hinh-hoc-phang.jsp,8,302,CHƯƠNG 6. HÌNH HỌC PHẲNG,Bài 1. Điểm. Đường thẳng,92,ambiguous_match,C,. Cho hình vẽ sau Các đường thẳng nào không đi qua điểm P ? Chọn câu trả lời đúng nhất.,A. b; a; d | B. a; b; c | C. c | D. a; b
2042,true,6,Chương 6: Hình học phẳng,https://vietjack.com/toan-6-canh-dieu/trac-nghiem-chuong-6-hinh-hoc-phang.jsp,9,302,CHƯƠNG 6. HÌNH HỌC PHẲNG,Bài 1. Điểm. Đường thẳng,92,ambiguous_match,A,. Cho hình vẽ sau Trên hình vẽ thì hai điểm nào sau đây không cùng thuộc một trong các đường thẳng a; b; c; d ?,A. M; P | B. N; P | C. P; Q | D. N; Q
2043,true,6,Chương 6: Hình học phẳng,https://vietjack.com/toan-6-canh-dieu/trac-nghiem-chuong-6-hinh-hoc-phang.jsp,10,302,CHƯƠNG 6. HÌNH HỌC PHẲNG,Bài 1. Điểm. Đường thẳng,92,ambiguous_match,C,". Cho hình vẽ sau Trên hình vẽ , điểm M thuộc bao nhiêu đường thẳng?",A. 4 | B. 3 | C. 2 | D. 1
2044,true,6,Chương 6: Hình học phẳng,https://vietjack.com/toan-6-canh-dieu/trac-nghiem-chuong-6-hinh-hoc-phang.jsp,11,302,CHƯƠNG 6. HÌNH HỌC PHẲNG,Bài 1. Điểm. Đường thẳng,92,ambiguous_match,A,. Cho hình vẽ sau Chọn câu sai.,A. M∈a; M∈b | B. N∉b; N∈a | C. P∈a; P∉b | D. P∈a; M∈a
2045,true,6,Chương 6: Hình học phẳng,https://vietjack.com/toan-6-canh-dieu/trac-nghiem-chuong-6-hinh-hoc-phang.jsp,12,302,CHƯƠNG 6. HÌNH HỌC PHẲNG,Bài 1. Điểm. Đường thẳng,92,ambiguous_match,C,. Cho hình vẽ sau Đường thẳng b đi qua mấy điểm trên hình vẽ?,A. 4 | B. 3 | C. 2 | D. 1
2046,true,6,Chương 6: Hình học phẳng,https://vietjack.com/toan-6-canh-dieu/trac-nghiem-chuong-6-hinh-hoc-phang.jsp,13,302,CHƯƠNG 6. HÌNH HỌC PHẲNG,Bài 1. Điểm. Đường thẳng,92,ambiguous_match,C,. Cho hình vẽ sau Trên hình vẽ có bao nhiêu đường thẳng đi qua điểm B?,A. 4 | B. 3 | C. 2 | D. 1
2047,true,6,Chương 6: Hình học phẳng,https://vietjack.com/toan-6-canh-dieu/trac-nghiem-chuong-6-hinh-hoc-phang.jsp,14,302,CHƯƠNG 6. HÌNH HỌC PHẲNG,Bài 1. Điểm. Đường thẳng,92,ambiguous_match,C,". Cho hình vẽ sau Trên hình vẽ, số đường thẳng đi qua điểm D mà không đi qua điểm E là:",A. 4 | B. 3 | C. 2 | D. 1
2048,true,6,Chương 6: Hình học phẳng,https://vietjack.com/toan-6-canh-dieu/trac-nghiem-chuong-6-hinh-hoc-phang.jsp,15,302,CHƯƠNG 6. HÌNH HỌC PHẲNG,Bài 1. Điểm. Đường thẳng,92,ambiguous_match,C,". Cho hình vẽ sau Trên hình vẽ, điểm F nằm trên bao nhiêu đường thẳng?",A. 4 | B. 3 | C. 2 | D. 1
2049,true,6,Chương 6: Hình học phẳng,https://vietjack.com/toan-6-canh-dieu/trac-nghiem-chuong-6-hinh-hoc-phang.jsp,1,302,CHƯƠNG 6. HÌNH HỌC PHẲNG,Bài 1. Điểm. Đường thẳng,92,ambiguous_match,C,. Cho hai đường thẳng a; b. Khi đó a; b có thể,A. Song song | B. Trùng nhau | C. Cắt nhau | D. Cả ba đáp án trên đều đúng
2050,true,6,Chương 6: Hình học phẳng,https://vietjack.com/toan-6-canh-dieu/trac-nghiem-chuong-6-hinh-hoc-phang.jsp,2,302,CHƯƠNG 6. HÌNH HỌC PHẲNG,Bài 1. Điểm. Đường thẳng,92,ambiguous_match,A,. Chọn câu đúng.,A. Qua hai điểm phân biệt có vô số đường thẳng | B. Có vô số điểm cùng thuộc một đường thẳng | C. Hai đường thẳng phân biệt thì song song | D. Trong ba điểm thẳng hàng thì có hai điểm nằm giữa
2051,true,6,Chương 6: Hình học phẳng,https://vietjack.com/toan-6-canh-dieu/trac-nghiem-chuong-6-hinh-hoc-phang.jsp,3,302,CHƯƠNG 6. HÌNH HỌC PHẲNG,Bài 1. Điểm. Đường thẳng,92,ambiguous_match,C,". Cho 3 đường thẳng a, b, c phân biệt. Trong trường hợp nào thì ba đường thẳng đó đôi một không có giao điểm?",A. ba đường thẳng đôi một cắt nhau | B. a cắt b và aa song song c | C. ba đường thẳng đôi một song song | D. a song song b và a cắt cc
2052,true,6,Chương 6: Hình học phẳng,https://vietjack.com/toan-6-canh-dieu/trac-nghiem-chuong-6-hinh-hoc-phang.jsp,7,302,CHƯƠNG 6. HÌNH HỌC PHẲNG,Bài 1. Điểm. Đường thẳng,92,ambiguous_match,C,Cho hình vẽ như sau: Cạnh AH vuông góc với cạnh nào dưới đây?,"A. BH, HC và BC | B. BHvà AC | C. AB, AC và HC | D. AB và AC"